AB000381_s_at,20,20,20,20,20,20,20,43,48,45,52,34,37,44,33,36,23,20,20,32,26,38,20,29,22,20,43,29,42,23,43,40,28,33,25,20,22,31,29,31,30,32,30,36,34,33,20,21,20,20,20,20,20,20,20,20,20,20,20,20,20,20,20,20,20,20,32,20,20,,-1.2861871916,6.2696966833,6.3790224574,3.1481695931,1.2861871916,14.2996899293,14.6771071989,4.7441028974,-6.2619462355,-14.2996899293,1,-0.9262116498,-6.3790224574,-14.6771071989,-1,-1,-3.1481695931,-4.7441028974,0.9262116498,1
L43338_at,37,38,38,34,29,26,40,81,55,51,57,69,27,64,34,46,41,43,33,35,41,54,36,20,55,35,20,30,29,62,20,52,22,35,37,32,47,43,39,71,62,77,57,76,65,71,21,33,24,27,25,20,25,32,39,32,30,31,32,28,33,28,25,27,28,39,27,38,36,,-7.753269319,6.0053111779,3.8327755443,2.5268205504,7.753269319,13.452556611,12.3380100988,9.844594183,-5.6870160451,-13.452556611,-2.9928825523,-2.6294409318,-3.8327755443,-12.3380100988,2.9928825523,-0.5703518255,-2.5268205504,-9.844594183,2.6294409318,0.5703518255
D85815_at,175,155,155,136,155,134,143,337,377,344,333,334,260,304,292,254,224,190,197,267,260,297,285,265,249,190,253,247,274,263,244,277,232,273,229,203,226,216,248,380,359,373,316,382,349,382,214,204,216,198,183,147,216,237,230,171,199,163,191,174,170,161,174,182,177,223,213,228,216,,-8.9126514916,3.7087648249,4.34123105,2.8095310824,8.9126514916,12.6117862263,14.0054669287,12.2953494898,-3.4293861333,-12.6117862263,0.7714295238,-0.7453711402,-4.34123105,-14.0054669287,-0.7714295238,-1.5830191243,-2.8095310824,-12.2953494898,0.7453711402,1.5830191243
X92715_at,325,294,346,236,314,276,251,445,498,421,429,438,433,492,319,488,336,377,416,495,432,584,2406,2269,2562,380,425,445,462,462,3064,1736,345,434,1215,363,385,479,360,520,422,494,424,459,453,464,273,252,240,292,303,260,265,291,298,246,238,238,283,279,267,273,183,237,268,268,234,275,229,,1.8943235089,3.6083951765,3.6840289444,3.7593244408,-1.8943235089,12.2338864912,11.7609479737,13.3153806314,-3.605456359,-12.2338864912,0.7072929824,1.4732681756,-3.6840289444,-11.7609479737,-0.7072929824,0.5657590037,-3.7593244408,-13.3153806314,-1.4732681756,-0.5657590037
D17716_at,116,117,99,84,112,114,67,268,136,243,200,170,145,199,104,143,168,150,180,168,178,207,280,520,280,153,146,204,207,219,304,239,162,196,157,136,156,188,153,321,244,328,273,303,325,274,134,111,145,120,150,104,119,147,113,104,111,72,170,104,132,144,85,139,127,127,115,160,141,,-6.5204245517,4.0203556247,4.0048845084,3.2973351703,6.5204245517,12.2288482056,11.469719227,11.679759619,-3.8897450239,-12.2288482056,0.6897791135,-0.9545029994,-4.0048845084,-11.469719227,-0.6897791135,-1.4587089349,-3.2973351703,-11.679759619,0.9545029994,1.4587089349
M83308_at,198,180,157,146,146,173,190,330,418,427,523,355,363,349,261,265,205,180,190,305,235,335,287,405,319,167,306,239,195,224,261,248,251,325,244,228,234,212,262,448,454,475,375,508,534,516,209,236,226,185,211,172,207,218,179,183,174,134,218,146,224,163,175,188,195,210,239,251,272,,-8.4331029925,3.7618789872,4.9411856544,2.0165081186,8.4331029925,12.1067041067,12.9343984769,10.0871020047,-3.6089932995,-12.1067041067,1.9686043581,-1.2051654237,-4.9411856544,-12.9343984769,-1.9686043581,-2.658095942,-2.0165081186,-10.0871020047,1.2051654237,2.658095942
X00371_rna1_at,29,20,20,28,33,41,22,39,42,41,44,53,32,64,46,38,39,37,43,34,39,51,42,20,20,48,26,52,44,40,26,47,42,64,59,40,42,44,37,69,61,74,60,70,66,69,39,26,36,33,27,40,35,41,37,32,20,22,35,31,20,32,26,32,35,43,31,33,39,,-10.5717875241,2.1779682218,3.2540832874,1.4018235259,10.5717875241,11.8491597258,12.4812035172,11.7374163319,-1.9852759994,-11.8491597258,1.3256648985,-0.6371279463,-3.2540832874,-12.4812035172,-1.3256648985,-1.9728874159,-1.4018235259,-11.7374163319,0.6371279463,1.9728874159
U77970_at,58,64,65,43,70,71,74,132,206,187,282,142,228,240,141,145,83,71,100,190,124,194,20,20,20,83,155,105,202,96,20,446,82,122,116,94,96,107,122,131,133,129,136,113,150,126,58,73,54,69,70,62,81,89,59,59,58,43,103,88,57,54,49,53,51,44,58,79,60,,-0.5487740385,4.1674221534,3.9112186872,4.6577034144,0.5487740385,11.7523390851,8.6008685328,11.4356663213,-4.1263795012,-11.7523390851,0.1126810624,1.5325104251,-3.9112186872,-8.6008685328,-0.1126810624,1.0529840267,-4.6577034144,-11.4356663213,-1.5325104251,-1.0529840267
X52213_s_at,44,28,25,38,35,33,21,138,88,56,114,96,79,121,60,100,50,66,37,88,68,100,20,20,226,58,41,53,44,47,20,153,57,81,72,64,66,51,59,152,126,135,94,135,164,127,28,44,31,30,31,26,33,25,28,31,21,31,22,32,35,40,31,47,52,61,44,49,50,,-6.1805329043,5.0788860441,5.4040704172,2.3379939321,6.1805329043,11.7338008774,12.1128353822,9.5249693247,-5.0041612745,-11.7338008774,0.7876449617,-5.7588164942,-5.4040704172,-12.1128353822,-0.7876449617,-6.9542288611,-2.3379939321,-9.5249693247,5.7588164942,6.9542288611
X52425_at,177,193,175,191,185,211,213,575,458,572,701,507,418,477,302,382,313,259,328,382,332,46,32,24,636,253,305,323,327,294,38,509,233,416,350,280,326,285,340,540,493,538,416,523,540,483,290,263,227,268,240,195,291,241,194,183,183,138,241,277,194,187,197,201,200,214,209,235,236,,-6.0718797411,2.2788092604,3.9857846531,3.8228435711,6.0718797411,11.5859159769,14.2105366632,15.6974713849,-2.2059475208,-11.5859159769,2.7539854852,2.5459259137,-3.9857846531,-14.2105366632,-2.7539854852,-0.8788375448,-3.8228435711,-15.6974713849,-2.5459259137,0.8788375448
J04760_at,247,165,273,178,317,224,286,321,326,372,472,457,298,426,293,267,300,286,357,279,375,298,1149,1278,458,338,335,407,355,402,1652,499,321,458,321,302,285,299,345,415,428,456,359,407,445,466,268,220,258,259,259,254,257,437,462,307,306,207,297,304,271,238,208,203,216,209,224,250,254,,-0.2930356737,3.3258774269,1.9707750586,3.86415879,0.2930356737,11.5569845908,3.9854952897,12.2909976955,-3.3183251596,-11.5569845908,-1.7995211221,2.6286862625,-1.9707750586,-3.9854952897,1.7995211221,2.7165304556,-3.86415879,-12.2909976955,-2.6286862625,-2.7165304556
L19593_at,23,20,20,20,21,20,26,42,56,56,76,57,51,48,32,44,29,29,22,44,33,114,96,171,148,21,36,32,27,34,76,82,30,37,31,28,39,42,27,62,56,59,54,56,61,50,24,30,28,34,20,20,32,22,31,21,20,20,29,31,20,20,20,20,22,20,20,24,20,,-1.6867739588,3.5058419011,4.1532892987,4.7105262737,1.6867739588,11.3060199432,15.1817817494,20.8300548385,-3.4368172128,-11.3060199432,1.3157097346,2.6165475218,-4.1532892987,-15.1817817494,-1.3157097346,1.4274928543,-4.7105262737,-20.8300548385,-2.6165475218,-1.4274928543
U79303_at,252,217,227,204,213,295,216,482,542,519,578,451,404,452,217,403,247,243,249,344,336,554,299,441,363,267,350,333,292,292,309,315,131,399,278,271,295,344,240,472,469,517,390,442,491,531,249,246,273,243,246,222,183,274,217,234,176,167,280,185,232,278,191,247,229,239,260,290,262,,-5.7467728971,4.7398000842,4.815630358,3.8805174845,5.7467728971,11.3020768393,11.0668338482,10.9642481678,-4.5403963257,-11.3020768393,0.8075156698,-1.2378236729,-4.815630358,-11.0668338482,-0.8075156698,-1.912266703,-3.8805174845,-10.9642481678,1.2378236729,1.912266703
L15409_at,190,179,183,170,176,206,176,342,274,318,294,350,305,337,236,283,212,181,210,295,272,360,2035,1826,94,245,311,250,244,265,2562,125,293,260,266,244,303,370,292,316,284,267,285,280,293,274,180,169,185,197,191,143,147,164,141,157,135,139,144,136,160,118,116,165,126,151,166,187,120,,1.3478632598,2.6902826622,3.0783664199,2.9234129367,-1.3478632598,11.2716481174,18.3691239885,11.0428109981,-2.6866075962,-11.2716481174,3.3824665798,1.5668448965,-3.0783664199,-18.3691239885,-3.3824665798,-0.9860161736,-2.9234129367,-11.0428109981,-1.5668448965,0.9860161736
M23234_s_at,202,204,159,180,142,179,187,416,398,413,527,352,362,381,315,397,200,176,171,301,252,392,388,387,410,142,332,223,299,202,482,291,216,296,268,221,271,203,244,410,326,409,314,390,433,361,149,201,158,155,193,148,166,173,141,146,150,124,189,141,179,147,151,176,171,178,195,214,168,,-3.8558089514,6.7925634845,7.6059178786,5.7996975762,3.8558089514,11.140564282,12.2770964393,10.470170664,-6.5874358813,-11.140564282,1.27188041,-1.5288212883,-7.6059178786,-12.2770964393,-1.27188041,-3.0932221787,-5.7996975762,-10.470170664,1.5288212883,3.0932221787
L32164_at,172,128,172,137,152,181,188,371,296,378,299,337,250,310,235,304,214,204,254,278,289,305,256,2274,1537,196,207,195,262,232,182,718,216,221,78,201,231,299,224,402,391,359,317,334,321,365,162,204,185,192,204,135,154,169,152,135,154,121,205,137,160,129,124,146,109,168,140,176,162,,-0.3532450698,2.4617323806,2.9044407167,2.8679663195,0.3532450698,11.0993664388,13.8463109028,12.8229695251,-2.452488834,-11.0993664388,2.1684703724,1.8692270842,-2.9044407167,-13.8463109028,-2.1684703724,-0.1227488811,-2.8679663195,-12.8229695251,-1.8692270842,0.1227488811
M15517_cds5_at,43,53,272,46,194,74,913,90,3110,93,861,308,842,3351,546,107,65,44,1930,117,1929,138,96,311,39,113,227,73,150,81,45,1469,933,46,71,59,461,75,95,92,85,94,95,86,96,84,52,50,49,52,52,44,68,95,60,54,993,390,56,48,57,38,46,60,55,64,71,69,71,,3.1501868567,3.4416263386,1.954816008,3.3446319579,-3.1501868567,11.0931432472,-0.9734296844,7.6652830438,-3.4413844469,-11.0931432472,-1.3676144303,-3.2425484118,-1.954816008,0.9734296844,1.3676144303,1.236693859,-3.3446319579,-7.6652830438,3.2425484118,-1.236693859
X52011_at,49,31,39,33,42,36,47,87,64,68,72,90,51,64,43,50,54,49,42,46,47,59,67,70,41,45,81,51,54,63,68,69,51,58,52,44,53,65,52,114,94,98,77,103,95,92,42,45,46,35,38,27,49,30,36,34,35,35,35,31,38,36,31,39,39,42,39,48,54,,-8.5540543307,4.5072651528,8.787331968,3.4125203465,8.5540543307,10.9032576067,14.3302119288,10.6315525661,-4.0664155015,-10.9032576067,2.0788896778,-0.8404439713,-8.787331968,-14.3302119288,-2.0788896778,-3.5211508451,-3.4125203465,-10.6315525661,0.8404439713,3.5211508451
X68264_rna1_at,25,28,46,34,45,53,43,77,88,54,81,91,60,79,40,46,45,64,62,65,52,52,138,168,151,54,50,37,34,71,131,95,26,57,20,52,50,54,45,103,104,92,83,106,108,81,35,36,34,20,47,21,44,39,61,30,43,24,24,42,40,37,30,41,37,48,36,45,43,,-4.847058493,4.6086091069,4.0438242632,3.7212614312,4.847058493,10.8782998816,10.8583027985,11.8021873329,-4.3685523096,-10.8782998816,-0.6017581105,-1.8016757161,-4.0438242632,-10.8583027985,0.6017581105,-1.1798497593,-3.7212614312,-11.8021873329,1.8016757161,1.1798497593
X76059_at,114,93,69,82,98,107,109,214,152,212,202,176,116,143,128,166,139,128,121,140,123,147,145,247,162,86,211,128,120,138,138,143,116,142,133,129,129,124,138,209,159,184,163,166,190,173,75,98,84,59,105,74,80,103,98,77,82,72,112,110,73,90,81,82,86,90,74,99,85,,-4.30868193,7.2421954732,6.3241136593,7.5598601131,4.30868193,10.7327737832,10.674058962,12.1839693031,-6.7004214136,-10.7327737832,-1.0153724962,-0.5705895145,-6.3241136593,-10.674058962,1.0153724962,0.6494066307,-7.5598601131,-12.1839693031,0.5705895145,-0.6494066307

