U45955_at,54,154,133,148,65,122,20,20,103,82,20,24,52,28,44,46,97,26,27,223,96,36,68,20,20,20,63,60,41,20,20,21,66,40,310,20,20,43,20,400,486,589,708,600,726,681,254,305,83,20,20,56,22,726,960,876,202,175,789,353,815,982,633,777,931,1026,889,792,929,,-11.466533247,-1.1395382805,-6.1023040809,-20.8859320201,11.466533247,7.622924944,-0.4955128713,-4.9056960264,0.9626573277,-7.622924944,-5.1224965319,-13.1736262501,6.1023040809,0.4955128713,5.1224965319,-2.3235368628,20.8859320201,4.9056960264,13.1736262501,2.3235368628
M20137_at,117,75,68,101,83,24,99,143,93,165,121,149,102,105,123,160,112,86,121,80,114,97,117,86,106,140,147,148,113,133,139,98,132,83,126,88,102,117,113,209,189,198,188,172,176,172,117,124,90,128,108,109,84,163,108,128,98,92,142,56,149,118,95,107,95,118,111,101,121,,-10.8560733357,0.3415044187,-0.3608922215,0.3454955115,10.8560733357,9.4957574157,6.277606817,11.6155905459,-0.3058925724,-9.4957574157,-0.5344378748,-0.0351959727,0.3608922215,-6.277606817,0.5344378748,0.5591826686,-0.3454955115,-11.6155905459,0.0351959727,-0.5591826686
U70321_at,22,20,31,55,75,22,20,88,30,57,25,102,67,56,24,46,97,92,72,73,98,61,68,57,105,134,48,83,38,113,82,74,72,119,73,77,96,62,80,117,127,120,127,135,134,118,107,96,134,87,79,108,121,70,86,100,23,51,35,191,35,85,84,63,71,123,64,67,99,,-10.5822445086,-4.8798226106,-0.5623474167,-1.2771410154,10.5822445086,2.6950912013,3.1923776201,4.2660309027,4.3400513044,-2.6950912013,1.6950626974,1.8981864423,0.5623474167,-3.1923776201,-1.6950626974,-0.2836122542,1.2771410154,-4.2660309027,-1.8981864423,0.2836122542
X00371_rna1_at,29,20,20,28,33,41,22,39,42,41,44,53,32,64,46,38,39,37,43,34,39,51,42,20,20,48,26,52,44,40,26,47,42,64,59,40,42,44,37,69,61,74,60,70,66,69,39,26,36,33,27,40,35,41,37,32,20,22,35,31,20,32,26,32,35,43,31,33,39,,-10.5717875241,2.1779682218,3.2540832874,1.4018235259,10.5717875241,11.8491597258,12.4812035172,11.7374163319,-1.9852759994,-11.8491597258,1.3256648985,-0.6371279463,-3.2540832874,-12.4812035172,-1.3256648985,-1.9728874159,-1.4018235259,-11.7374163319,0.6371279463,1.9728874159
V01515_cds1_at,29,23,25,21,20,22,35,50,43,51,45,46,24,39,32,22,35,36,38,38,25,51,45,43,20,42,45,45,28,52,20,61,46,26,49,43,42,41,46,69,61,56,57,66,64,61,27,37,45,63,38,20,31,22,42,27,26,23,30,38,25,27,22,21,20,24,21,24,28,,-9.9329682816,-0.0547036692,3.1698285956,6.5074115471,9.9329682816,4.4466298549,12.1678887512,18.1650490851,0.0467655602,-4.4466298549,1.5981312014,2.6430128065,-3.1698285956,-12.1678887512,-1.5981312014,2.1158499928,-6.5074115471,-18.1650490851,-2.6430128065,-2.1158499928
L34355_at,62,64,61,64,66,71,56,71,47,54,38,70,44,50,47,45,81,78,49,46,77,33,31,21,62,66,84,71,74,95,32,41,66,76,29,38,52,71,51,113,93,127,94,119,110,113,65,88,88,55,56,43,42,73,78,88,49,45,67,64,84,42,67,73,91,98,84,86,118,,-9.6198189841,-0.7721868829,-1.4576998921,-5.0278497399,9.6198189841,5.4865416503,6.3801251727,2.3229289625,0.6634432775,-5.4865416503,-0.3699257901,-3.054461767,1.4576998921,-6.3801251727,0.3699257901,-3.2257074458,5.0278497399,-2.3229289625,3.054461767,3.2257074458
U17760_rna1_at,54,41,39,20,46,53,57,114,115,101,126,124,91,103,68,49,65,57,52,93,51,89,73,81,80,62,64,100,90,73,36,80,67,67,72,69,64,71,69,123,110,122,110,123,139,119,54,53,59,58,52,99,69,65,55,50,41,36,70,62,48,40,41,57,54,63,59,63,48,,-8.9373700996,1.370601821,3.9933565549,3.297265993,8.9373700996,7.8417568621,13.3190512726,14.4621173137,-1.213710094,-7.8417568621,1.7227667015,0.9049971357,-3.9933565549,-13.3190512726,-1.7227667015,-1.4834868628,-3.297265993,-14.4621173137,-0.9049971357,1.4834868628
D85815_at,175,155,155,136,155,134,143,337,377,344,333,334,260,304,292,254,224,190,197,267,260,297,285,265,249,190,253,247,274,263,244,277,232,273,229,203,226,216,248,380,359,373,316,382,349,382,214,204,216,198,183,147,216,237,230,171,199,163,191,174,170,161,174,182,177,223,213,228,216,,-8.9126514916,3.7087648249,4.34123105,2.8095310824,8.9126514916,12.6117862263,14.0054669287,12.2953494898,-3.4293861333,-12.6117862263,0.7714295238,-0.7453711402,-4.34123105,-14.0054669287,-0.7714295238,-1.5830191243,-2.8095310824,-12.2953494898,0.7453711402,1.5830191243
X52011_at,49,31,39,33,42,36,47,87,64,68,72,90,51,64,43,50,54,49,42,46,47,59,67,70,41,45,81,51,54,63,68,69,51,58,52,44,53,65,52,114,94,98,77,103,95,92,42,45,46,35,38,27,49,30,36,34,35,35,35,31,38,36,31,39,39,42,39,48,54,,-8.5540543307,4.5072651528,8.787331968,3.4125203465,8.5540543307,10.9032576067,14.3302119288,10.6315525661,-4.0664155015,-10.9032576067,2.0788896778,-0.8404439713,-8.787331968,-14.3302119288,-2.0788896778,-3.5211508451,-3.4125203465,-10.6315525661,0.8404439713,3.5211508451
U78551_at,94,75,46,99,130,101,88,102,32,91,20,160,65,20,50,61,131,131,126,81,99,71,20,20,130,179,54,130,44,139,20,20,151,105,144,146,176,170,113,220,195,248,171,203,224,174,144,115,148,83,65,77,71,62,20,91,80,95,55,92,66,92,72,98,108,129,84,90,106,,-8.52142113,-0.5347015472,1.9236525295,-0.9163606377,8.52142113,6.1855719278,10.3124575926,8.2873431977,0.4715927335,-6.1855719278,1.8448737837,-0.1405975708,-1.9236525295,-10.3124575926,-1.8448737837,-3.0563839917,0.9163606377,-8.2873431977,0.1405975708,3.0563839917
M83308_at,198,180,157,146,146,173,190,330,418,427,523,355,363,349,261,265,205,180,190,305,235,335,287,405,319,167,306,239,195,224,261,248,251,325,244,228,234,212,262,448,454,475,375,508,534,516,209,236,226,185,211,172,207,218,179,183,174,134,218,146,224,163,175,188,195,210,239,251,272,,-8.4331029925,3.7618789872,4.9411856544,2.0165081186,8.4331029925,12.1067041067,12.9343984769,10.0871020047,-3.6089932995,-12.1067041067,1.9686043581,-1.2051654237,-4.9411856544,-12.9343984769,-1.9686043581,-2.658095942,-2.0165081186,-10.0871020047,1.2051654237,2.658095942
U52155_at,20,20,20,24,41,34,20,37,20,23,20,30,20,26,20,20,20,33,32,20,28,32,20,20,75,66,22,20,33,47,23,36,24,46,20,29,34,20,33,110,98,118,56,118,98,123,26,20,43,25,20,20,20,31,27,29,20,22,20,26,20,20,24,35,32,44,32,30,34,,-8.3235392625,1.2206673548,2.097482608,-1.9558304052,8.3235392625,8.4605614754,9.019461234,7.691913991,-1.0816692085,-8.4605614754,0.278202091,-2.55604203,-2.097482608,-9.019461234,-0.278202091,-4.3871459819,1.9558304052,-7.691913991,2.55604203,4.3871459819
X14329_at,95,119,105,98,106,122,120,156,107,105,97,130,71,70,79,86,156,114,139,60,102,105,94,79,44,151,98,160,122,180,101,103,127,179,123,110,109,146,134,197,226,160,179,183,186,185,141,126,171,125,117,115,42,88,73,84,99,89,72,92,105,70,100,113,101,142,95,107,104,,-8.3079445863,-0.502685659,4.0918977392,0.3032390396,8.3079445863,4.1090531998,11.7812107284,7.6187508352,0.4293559486,-4.1090531998,2.1120721234,0.5668203222,-4.0918977392,-11.7812107284,-2.1120721234,-2.949695055,-0.3032390396,-7.6187508352,-0.5668203222,2.949695055
HG4490-HT4876_f_at,55,99,76,58,70,58,86,93,115,25,46,107,143,36,77,46,111,70,71,109,65,74,240,29,174,66,135,92,105,129,248,404,96,113,59,76,72,57,156,195,185,242,241,242,214,202,55,78,70,20,156,33,208,100,105,104,64,67,45,51,108,101,100,125,117,157,101,108,164,,-8.0222375827,0.5117437815,1.2127339583,-1.7896474347,8.0222375827,4.6813564988,10.9814916008,6.2970882444,-0.4423272322,-4.6813564988,0.1504521633,-1.4318340619,-1.2127339583,-10.9814916008,-0.1504521633,-3.3445842176,1.7896474347,-6.2970882444,1.4318340619,3.3445842176
X03066_at,93,89,88,84,77,86,103,115,89,123,98,91,45,87,88,84,129,107,116,86,109,90,133,146,116,109,117,131,112,128,118,84,90,134,99,81,99,113,117,146,144,128,133,138,148,130,96,122,104,94,123,84,119,89,72,76,90,75,99,100,94,69,104,77,70,98,73,78,76,,-7.9920188846,-0.5671280867,3.0612854002,4.6339670172,7.9920188846,4.863041714,10.1324383799,11.7466933216,0.497599099,-4.863041714,2.6925968959,3.8347195115,-3.0612854002,-10.1324383799,-2.6925968959,1.4202378267,-4.6339670172,-11.7466933216,-3.8347195115,-1.4202378267
U18237_at,82,75,73,78,68,88,89,48,42,61,75,72,42,51,41,46,83,68,72,52,61,41,56,92,43,87,87,77,57,112,27,56,72,101,74,78,82,103,86,139,131,117,116,112,127,94,90,94,80,90,77,57,86,76,71,69,79,79,79,50,72,68,63,80,80,96,56,85,71,,-7.8668138463,-2.5290831262,-0.3333662126,-1.3866298079,7.8668138463,5.1300281187,7.8225685671,5.2927110841,2.2514417822,-5.1300281187,2.0612243011,0.5499860868,0.3333662126,-7.8225685671,-2.0612243011,-1.1906609321,1.3866298079,-5.2927110841,-0.5499860868,1.1906609321
Z21707_at,69,71,67,61,72,65,69,69,71,70,100,75,42,53,65,59,95,86,92,51,61,56,71,59,75,89,72,129,78,118,69,75,57,153,110,82,80,78,76,122,135,146,108,142,158,161,89,81,110,90,87,61,85,76,80,52,69,60,94,80,70,57,63,78,80,91,81,88,53,,-7.789909764,-1.6501627128,1.2352216474,-0.2819525337,7.789909764,5.8402454515,8.3500086466,6.6725453416,1.463494315,-5.8402454515,2.3655062671,0.9865795598,-1.2352216474,-8.3500086466,-2.3655062671,-1.2338422069,0.2819525337,-6.6725453416,-0.9865795598,1.2338422069
L43338_at,37,38,38,34,29,26,40,81,55,51,57,69,27,64,34,46,41,43,33,35,41,54,36,20,55,35,20,30,29,62,20,52,22,35,37,32,47,43,39,71,62,77,57,76,65,71,21,33,24,27,25,20,25,32,39,32,30,31,32,28,33,28,25,27,28,39,27,38,36,,-7.753269319,6.0053111779,3.8327755443,2.5268205504,7.753269319,13.452556611,12.3380100988,9.844594183,-5.6870160451,-13.452556611,-2.9928825523,-2.6294409318,-3.8327755443,-12.3380100988,2.9928825523,-0.5703518255,-2.5268205504,-9.844594183,2.6294409318,0.5703518255
L36463_at,236,223,210,208,231,237,252,259,149,271,236,287,197,225,194,181,271,256,273,176,207,165,244,222,228,250,264,309,336,291,172,145,255,314,299,258,263,358,294,323,321,307,305,327,360,346,228,226,218,195,235,234,284,256,231,216,201,192,234,242,222,189,183,202,209,239,217,222,209,,-7.7515365475,0.9273275428,2.3021635202,2.7046964642,7.7515365475,7.5568701293,10.1778859693,11.9715590348,-0.8364468355,-7.5568701293,1.157970049,1.3149656066,-2.3021635202,-10.1778859693,-1.157970049,0.0281885924,-2.7046964642,-11.9715590348,-1.3149656066,-0.0281885924
D87023_cds2_at,67,68,63,61,68,70,79,61,46,53,26,116,58,27,38,33,87,93,76,40,47,48,40,39,33,86,45,65,47,108,55,79,69,122,71,67,82,122,65,148,113,114,107,103,123,115,76,74,97,80,35,44,75,43,64,52,69,53,76,63,59,54,45,73,58,73,55,66,61,,-7.7153392248,-0.519391277,1.3226574367,0.0559640974,7.7153392248,4.9358306793,9.1919076066,8.3009529159,0.4519679478,-4.9358306793,1.2404195655,0.5016429276,-1.3226574367,-9.1919076066,-1.2404195655,-1.4403979191,-0.0559640974,-8.3009529159,-0.5016429276,1.4403979191

