X55544_at,60,63,39,54,51,63,65,148,111,116,127,115,91,136,106,108,81,69,81,109,94,117,104,132,97,82,169,91,105,85,102,137,60,101,78,67,94,81,88,113,20,96,75,83,108,108,65,74,87,60,68,45,32,39,54,30,46,44,46,44,44,37,41,42,34,48,43,44,50,,0.6229693896,4.4294590964,10.324137172,9.9041216069,-0.6229693896,1.749102296,3.5209384192,3.4276435372,-3.9418501786,-1.749102296,2.6497015449,2.4837445939,-10.324137172,-3.5209384192,-2.6497015449,-0.3290945899,-9.9041216069,-3.4276435372,-2.4837445939,0.3290945899
M93119_at,628,760,596,825,536,471,165,396,192,213,169,536,459,128,20,701,686,923,409,899,233,597,1000,174,201,686,126,582,534,481,133,116,124,554,1060,1142,577,773,332,47,42,20,20,35,20,20,20,20,20,20,20,20,20,20,20,20,20,68,20,20,138,20,20,20,20,20,20,20,20,,9.6352113544,9.8698438204,9.2230735428,9.8698438204,-9.6352113544,2.0289363998,-0.5719376643,2.0289363998,-9.8698438204,-2.0289363998,-1.3567719564,#DIV/0!,-9.2230735428,0.5719376643,1.3567719564,1.3567719564,-9.8698438204,-2.0289363998,#DIV/0!,-1.3567719564
D85815_at,175,155,155,136,155,134,143,337,377,344,333,334,260,304,292,254,224,190,197,267,260,297,285,265,249,190,253,247,274,263,244,277,232,273,229,203,226,216,248,380,359,373,316,382,349,382,214,204,216,198,183,147,216,237,230,171,199,163,191,174,170,161,174,182,177,223,213,228,216,,-8.9126514916,3.7087648249,4.34123105,2.8095310824,8.9126514916,12.6117862263,14.0054669287,12.2953494898,-3.4293861333,-12.6117862263,0.7714295238,-0.7453711402,-4.34123105,-14.0054669287,-0.7714295238,-1.5830191243,-2.8095310824,-12.2953494898,0.7453711402,1.5830191243
D14043_at,165,166,100,117,142,100,27,61,49,24,20,20,42,41,48,49,219,135,89,35,83,22,51,29,33,69,33,123,62,74,37,74,75,60,46,43,42,62,23,24,101,77,147,49,25,78,216,314,286,213,251,255,212,145,352,149,274,239,231,252,247,330,261,195,213,224,150,163,233,,-0.1426301405,-12.387300861,-8.0753647799,-8.1471604146,0.1426301405,-7.9692435488,-6.6176247269,-5.7940104125,10.8005685759,7.9692435488,0.0612222982,2.6237640656,8.0753647799,6.6176247269,-0.0612222982,2.0689852292,8.1471604146,5.7940104125,-2.6237640656,-2.0689852292
M83308_at,198,180,157,146,146,173,190,330,418,427,523,355,363,349,261,265,205,180,190,305,235,335,287,405,319,167,306,239,195,224,261,248,251,325,244,228,234,212,262,448,454,475,375,508,534,516,209,236,226,185,211,172,207,218,179,183,174,134,218,146,224,163,175,188,195,210,239,251,272,,-8.4331029925,3.7618789872,4.9411856544,2.0165081186,8.4331029925,12.1067041067,12.9343984769,10.0871020047,-3.6089932995,-12.1067041067,1.9686043581,-1.2051654237,-4.9411856544,-12.9343984769,-1.9686043581,-2.658095942,-2.0165081186,-10.0871020047,1.2051654237,2.658095942
D14662_at,243,228,185,238,173,138,279,52,52,113,143,57,37,98,132,112,196,151,170,73,125,104,91,105,65,153,110,191,135,203,86,102,215,41,187,134,177,116,172,42,202,179,222,136,85,505,281,197,340,312,329,292,306,434,373,582,395,366,537,327,445,579,431,198,309,249,294,285,356,,-1.0019418031,-8.7573687935,-10.2499883166,-5.9879161512,1.0019418031,-1.6425402292,-3.942043418,-1.4088111571,7.6748861985,1.6425402292,-4.5457473658,0.4245072756,10.2499883166,3.942043418,4.5457473658,4.5815062171,5.9879161512,1.4088111571,-0.4245072756,-4.5815062171
X13546_rna1_at,960,734,966,912,820,946,845,385,435,603,205,548,585,503,521,386,615,550,662,471,696,479,333,246,290,817,299,717,807,312,409,437,1056,355,1107,904,841,843,1099,93,232,125,190,80,80,181,734,433,750,550,520,740,463,477,519,636,585,622,482,474,496,484,551,464,341,314,419,411,332,,10.4395471627,0.5767123722,2.204361529,5.2877873468,-10.4395471627,-8.0010675089,-12.9639407871,-7.1686379992,-0.5205111212,8.0010675089,1.1776147104,3.7774070768,-2.204361529,12.9639407871,-1.1776147104,4.877692547,-5.2877873468,7.1686379992,-3.7774070768,-4.877692547
X15573_at,20,20,132,46,159,129,116,20,20,20,20,70,20,20,20,20,51,55,61,20,47,20,20,20,183,163,20,20,115,55,20,66,28,20,64,24,20,85,20,20,39,20,20,20,20,20,37,88,96,20,60,119,20,153,59,242,101,115,77,429,134,98,354,196,197,177,171,163,160,,3.7058546251,-0.7098938409,-3.0658037244,-12.4725223966,-3.7058546251,-2.6632179978,-3.8650959644,-21.8492995996,0.6197316397,2.6632179978,-2.6794153643,-7.0650715659,3.0658037244,3.8650959644,2.6794153643,-0.0282251872,12.4725223966,21.8492995996,7.0650715659,0.0282251872
U33818_at,147,96,77,115,77,94,116,47,68,92,38,65,91,43,136,200,93,76,73,77,110,47,52,20,20,70,62,76,97,53,35,43,163,27,91,61,66,56,107,20,48,31,49,29,26,44,134,149,144,177,186,167,129,58,60,73,113,155,96,99,118,80,141,86,137,119,108,115,164,,5.7612180041,-8.2271094613,-1.6885447257,-3.4099462394,-5.7612180041,-12.8284862407,-5.6814099778,-7.3645494338,7.3938631468,12.8284862407,4.2094740019,2.4662840948,1.6885447257,5.6814099778,-4.2094740019,-1.4775722091,3.4099462394,7.3645494338,-2.4662840948,1.4775722091
S79639_at,74,65,70,73,47,43,64,53,39,39,84,120,119,100,166,97,70,58,57,49,81,20,36,1089,20,75,119,80,45,69,20,20,72,38,42,57,100,42,28,20,42,20,43,29,20,29,38,36,61,114,62,109,237,107,142,108,99,143,111,118,141,54,121,44,58,53,63,55,56,,2.2848720708,-0.0887293731,-0.8424715334,1.3364808275,-2.2848720708,-2.414893617,-9.2694413507,-5.6233923446,0.0818527645,2.414893617,-0.736859769,1.4609842883,0.8424715334,9.2694413507,0.736859769,6.7868317755,-1.3364808275,5.6233923446,-1.4609842883,-6.7868317755
U87964_at,132,72,53,59,55,59,66,170,265,177,174,151,157,236,132,220,79,80,81,175,157,197,83,102,160,82,219,123,166,80,72,99,102,103,127,99,86,94,104,100,64,98,80,79,90,100,79,71,68,77,80,68,73,40,31,38,48,46,63,40,62,44,42,44,39,34,40,50,41,,3.621394467,5.6346810642,8.3929771112,9.1144766892,-3.621394467,2.4769501652,6.9132743789,8.2277527011,-5.5972590928,-2.4769501652,7.5948174568,11.1836659748,-8.3929771112,-6.9132743789,-7.5948174568,1.0475287232,-9.1144766892,-8.2277527011,-11.1836659748,-1.0475287232
U58046_s_at,159,118,81,71,49,77,50,24,32,30,20,20,32,27,62,56,47,43,47,31,34,25,36,20,20,57,32,42,34,56,20,20,90,26,63,62,29,40,20,22,20,20,20,20,20,20,81,97,82,93,96,99,47,59,73,97,134,155,52,50,103,100,96,97,94,85,85,77,79,,5.5611712712,-5.2370730588,-3.8435689726,-7.0420356807,-5.5611712712,-9.3840254796,-6.5434466328,-20.194498178,4.666383645,9.3840254796,-0.5336583655,-0.1531416012,3.8435689726,6.5434466328,0.5336583655,0.5023445042,7.0420356807,20.194498178,0.1531416012,-0.5023445042
U31383_at,194,135,42,198,63,88,103,20,20,20,20,20,20,20,51,20,101,61,31,20,21,20,30,20,20,38,20,80,20,65,20,20,99,27,108,41,41,26,20,41,91,29,99,63,25,60,232,206,139,222,184,190,246,143,222,207,326,261,125,209,234,282,337,259,274,287,280,228,277,,-0.5624401217,-11.208386836,-7.8947420313,-18.8419320166,0.5624401217,-8.3047593788,-7.1639839104,-14.9370487768,9.8341318842,8.3047593788,-1.2325562134,-4.0201357368,7.8947420313,7.1639839104,1.2325562134,-1.3866121012,18.8419320166,14.9370487768,4.0201357368,1.3866121012
M31303_rna1_at,724,579,608,619,676,651,751,243,927,927,606,871,1066,568,466,746,472,581,604,908,699,964,732,830,1093,515,634,534,830,467,1106,842,573,576,696,791,631,819,751,183,250,225,265,167,93,267,452,275,395,508,515,404,187,263,226,288,428,608,381,193,329,226,287,301,343,277,256,271,228,,13.0642829779,6.5509128609,7.8481600683,12.6347934962,-13.0642829779,-3.552038972,-2.5221655336,-2.4937388076,-5.8231629808,3.552038972,1.128875982,2.2978716653,-7.8481600683,2.5221655336,-1.128875982,1.0306337105,-12.6347934962,2.4937388076,-2.2978716653,-1.0306337105
X60655_at,58,40,39,41,36,40,35,80,86,127,121,82,74,69,67,77,50,50,44,70,51,69,71,135,63,45,97,68,64,71,26,114,72,59,70,70,68,51,60,83,76,80,82,68,75,81,25,58,57,44,49,33,70,37,41,36,40,38,36,44,39,39,39,37,36,36,41,53,46,,-2.4285811846,2.983408334,6.8196612948,5.1807557875,2.4285811846,4.8330966812,18.2422197403,10.6037064463,-2.6631653927,-4.8330966812,1.5430766696,1.003284639,-6.8196612948,-18.2422197403,-1.5430766696,-0.8986318244,-5.1807557875,-10.6037064463,-1.003284639,0.8986318244
D63940_s_at,56,130,76,52,56,76,43,60,81,52,61,32,55,105,41,168,61,76,96,126,53,46,99,80,41,62,87,117,79,104,52,46,81,94,129,122,48,130,46,76,44,86,46,55,60,84,32,33,27,26,29,20,20,38,33,32,44,45,47,24,76,105,41,73,84,88,78,68,72,,1.5425983715,9.3258759626,3.1302549707,0.0402707499,-1.5425983715,5.4501577362,1.5735776051,-1.7373921397,-9.1469587077,-5.4501577362,-2.7587159486,-13.6546090607,-3.1302549707,-1.5735776051,2.7587159486,-3.4703949488,-0.0402707499,1.7373921397,13.6546090607,3.4703949488
M88108_at,588,516,653,522,503,632,565,253,192,271,173,326,354,332,373,631,401,437,353,505,398,444,375,268,356,447,200,311,515,304,306,346,572,218,480,359,357,463,341,88,98,99,163,92,63,106,466,441,395,511,418,554,236,305,304,387,502,658,393,244,388,245,330,259,212,200,231,234,190,,12.7713056961,-0.8002117543,0.5677373984,7.8598357584,-12.7713056961,-8.2134332325,-6.6137547754,-7.7391149435,0.7003245046,8.2134332325,1.0098697832,5.2793867847,-0.5677373984,6.6137547754,-1.0098697832,3.7561564351,-7.8598357584,7.7391149435,-5.2793867847,-3.7561564351
U30521_at,1274,1308,1393,1075,1284,1341,1222,849,1414,348,353,1080,878,676,362,1073,851,1003,1137,1025,1224,1104,683,470,1005,1040,468,836,966,605,1352,1281,687,626,810,1330,1082,1614,1094,282,147,22,159,131,45,139,538,97,222,651,1245,894,716,132,159,412,614,694,454,504,561,71,498,139,173,92,116,304,50,,13.8043452366,2.6603909402,6.6288682606,13.1316605748,-13.8043452366,-3.2526182002,-3.6850503659,-0.2807504496,-2.2786200062,3.2526182002,1.3126479744,3.144866379,-6.6288682606,3.6850503659,-1.3126479744,3.4267601916,-13.1316605748,0.2807504496,-3.144866379,-3.4267601916
X00371_rna1_at,29,20,20,28,33,41,22,39,42,41,44,53,32,64,46,38,39,37,43,34,39,51,42,20,20,48,26,52,44,40,26,47,42,64,59,40,42,44,37,69,61,74,60,70,66,69,39,26,36,33,27,40,35,41,37,32,20,22,35,31,20,32,26,32,35,43,31,33,39,,-10.5717875241,2.1779682218,3.2540832874,1.4018235259,10.5717875241,11.8491597258,12.4812035172,11.7374163319,-1.9852759994,-11.8491597258,1.3256648985,-0.6371279463,-3.2540832874,-12.4812035172,-1.3256648985,-1.9728874159,-1.4018235259,-11.7374163319,0.6371279463,1.9728874159
L39064_rna1_at,140,130,124,97,122,111,146,226,259,247,172,250,159,216,166,191,144,143,188,189,187,199,186,192,186,168,244,170,205,183,149,155,178,172,160,148,152,224,175,255,188,221,179,200,243,205,133,140,135,118,179,141,152,95,108,101,113,107,110,90,110,109,92,103,97,109,109,117,89,,-3.0317306512,3.8373267115,10.727070959,9.6893955514,3.0317306512,5.4869302951,9.9996740236,9.5831284866,-3.4906788436,-5.4869302951,5.0928900928,4.6666078692,-10.727070959,-9.9996740236,-5.0928900928,-0.1032031374,-9.6893955514,-9.5831284866,-4.6666078692,0.1032031374
U23143_at,152,127,140,153,75,90,41,86,24,102,98,38,48,95,73,276,118,107,104,94,93,97,66,40,51,87,171,94,72,59,50,46,171,96,88,156,175,73,99,111,87,64,108,98,71,58,95,101,83,85,85,90,88,81,39,192,65,79,63,66,58,50,150,56,56,58,55,60,48,,1.1344017347,1.0473432333,0.8013675209,5.2971077263,-1.1344017347,-0.5078427797,0.0570001656,3.6093143016,-1.0335702532,0.5078427797,0.3405301378,11.5637354717,-0.8013675209,-0.0570001656,-0.3405301378,1.8726671525,-5.2971077263,-3.6093143016,-11.5637354717,-1.8726671525
X04828_at,35,23,59,126,20,118,20,29,103,20,20,20,20,20,68,20,125,54,20,20,55,20,20,20,20,22,20,20,34,21,20,29,44,20,73,20,20,59,20,20,236,324,274,31,33,185,287,127,146,30,225,197,609,291,167,494,135,135,120,273,412,304,454,387,430,351,397,394,375,,-2.4465416452,-3.2877518038,-5.4159444902,-29.7435139604,2.4465416452,-0.8694094388,-1.8466006458,-4.6642153112,2.7537416941,0.8694094388,-0.5675548118,-2.224093372,5.4159444902,1.8466006458,0.5675548118,-2.4380240153,29.7435139604,4.6642153112,2.224093372,2.4380240153
X54304_at,123,123,125,176,124,145,95,45,92,20,35,37,53,20,344,57,180,78,51,65,72,60,46,20,20,86,48,92,61,71,58,31,100,33,27,77,69,62,126,20,68,20,155,20,20,20,222,415,395,356,353,403,296,71,81,171,406,256,60,222,162,243,330,191,179,148,176,167,181,,1.5980805284,-11.2629803346,-3.1962834082,-8.1892311349,-1.5980805284,-9.3294922089,-3.7582293996,-6.2883326668,9.6633364391,9.3294922089,3.3332151266,6.5533451427,3.1962834082,3.7582293996,-3.3332151266,0.7243382942,8.1892311349,6.2883326668,-6.5533451427,-0.7243382942
X73608_at,62,237,108,52,213,123,41,73,82,69,75,162,80,497,66,122,106,65,476,139,299,68,69,211,100,417,84,93,728,71,90,248,123,66,188,130,79,127,41,58,82,155,105,328,222,150,39,46,31,36,36,36,59,36,39,37,52,63,32,29,46,35,32,230,282,289,306,241,242,,-0.0295237334,4.8860226421,4.889222071,-4.0880283245,0.0295237334,3.3114577359,3.3225283984,-2.8905965944,-4.8696791416,-3.3114577359,0.0674540948,-16.9735632162,-4.889222071,-3.3225283984,-0.0674540948,-17.0622138441,4.0880283245,2.8905965944,16.9735632162,17.0622138441
HG3255-HT3432_at,49,33,27,28,37,30,44,71,87,79,46,61,119,47,55,65,62,46,50,74,56,77,73,80,73,48,67,55,76,60,70,60,66,84,61,53,58,62,74,65,77,70,67,67,71,69,44,50,52,36,46,28,56,35,35,29,34,30,38,31,32,31,31,35,32,54,31,40,34,,-2.6936083231,3.7742389839,9.1457116841,5.0147690253,2.6936083231,6.2827758587,21.3848858523,8.3425853128,-3.4109827233,-6.2827758587,3.1711297672,1.3598877106,-9.1457116841,-21.3848858523,-3.1711297672,-1.400223045,-5.0147690253,-8.3425853128,-1.3598877106,1.400223045
M20137_at,117,75,68,101,83,24,99,143,93,165,121,149,102,105,123,160,112,86,121,80,114,97,117,86,106,140,147,148,113,133,139,98,132,83,126,88,102,117,113,209,189,198,188,172,176,172,117,124,90,128,108,109,84,163,108,128,98,92,142,56,149,118,95,107,95,118,111,101,121,,-10.8560733357,0.3415044187,-0.3608922215,0.3454955115,10.8560733357,9.4957574157,6.277606817,11.6155905459,-0.3058925724,-9.4957574157,-0.5344378748,-0.0351959727,0.3608922215,-6.277606817,0.5344378748,0.5591826686,-0.3454955115,-11.6155905459,0.0351959727,-0.5591826686
M14091_at,48,28,42,31,39,37,44,49,55,66,82,58,56,73,42,63,44,40,51,51,55,36,44,90,51,54,66,65,55,61,37,52,69,84,60,57,50,52,57,56,56,46,45,52,52,67,42,44,58,42,44,30,34,28,28,23,32,27,29,27,30,24,21,27,24,29,25,30,24,,0.0737158654,3.2599374116,10.8313700272,10.997073435,-0.0737158654,2.6190824179,8.8805152835,9.0166620479,-2.9017902243,-2.6190824179,4.2951828378,4.4097554741,-10.8313700272,-8.8805152835,-4.2951828378,0.2673939107,-10.997073435,-9.0166620479,-4.4097554741,-0.2673939107
X60188_at,27,45,95,109,83,131,86,20,20,20,20,20,20,20,20,20,31,25,38,20,20,20,20,20,20,80,20,20,28,20,20,20,71,20,44,20,20,55,20,20,20,20,20,20,20,22,28,20,39,20,20,73,20,27,46,175,69,93,25,98,91,165,121,135,155,157,142,160,143,,3.473399146,0.6658358319,-3.1737010584,-18.0044904149,-3.473399146,-1.498246423,-4.2900194269,-31.3285116157,-0.590125949,1.498246423,-3.2950456463,-13.8221716525,3.1737010584,4.2900194269,3.2950456463,-3.3960761672,18.0044904149,31.3285116157,13.8221716525,3.3960761672
J04088_at,118,108,62,156,107,128,85,176,163,104,87,89,77,141,102,150,170,134,138,121,220,178,98,101,69,191,93,147,217,136,34,62,268,85,135,156,225,126,131,52,116,47,103,61,51,46,173,109,149,79,167,73,47,29,20,50,57,99,35,39,45,23,59,21,20,21,21,20,20,,4.5977844126,0.938116718,7.8301130583,13.7007886793,-4.5977844126,-2.1023394788,1.7016452462,4.3317986924,-0.8102526837,2.1023394788,3.3763982462,4.9504095478,-7.8301130583,-1.7016452462,-3.3763982462,3.4430975378,-13.7007886793,-4.3317986924,-4.9504095478,-3.4430975378
X16416_at,228,201,328,146,526,424,161,85,122,46,35,194,61,117,154,55,102,102,199,114,516,138,112,81,412,377,24,101,288,121,130,317,126,25,107,79,79,184,84,80,90,86,81,97,73,67,190,546,342,620,347,187,199,201,184,230,273,300,253,257,202,256,273,220,204,188,205,194,140,,4.1992531496,-2.9457832943,-2.9439405488,-0.8380895997,-4.1992531496,-3.9765517603,-12.9335840162,-9.2161072104,2.512101076,3.9765517603,1.543115849,2.3012305934,2.9439405488,12.9335840162,-1.543115849,3.1225405753,0.8380895997,9.2161072104,-2.3012305934,-3.1225405753
L34355_at,62,64,61,64,66,71,56,71,47,54,38,70,44,50,47,45,81,78,49,46,77,33,31,21,62,66,84,71,74,95,32,41,66,76,29,38,52,71,51,113,93,127,94,119,110,113,65,88,88,55,56,43,42,73,78,88,49,45,67,64,84,42,67,73,91,98,84,86,118,,-9.6198189841,-0.7721868829,-1.4576998921,-5.0278497399,9.6198189841,5.4865416503,6.3801251727,2.3229289625,0.6634432775,-5.4865416503,-0.3699257901,-3.054461767,1.4576998921,-6.3801251727,0.3699257901,-3.2257074458,5.0278497399,-2.3229289625,3.054461767,3.2257074458
AB000381_s_at,20,20,20,20,20,20,20,43,48,45,52,34,37,44,33,36,23,20,20,32,26,38,20,29,22,20,43,29,42,23,43,40,28,33,25,20,22,31,29,31,30,32,30,36,34,33,20,21,20,20,20,20,20,20,20,20,20,20,20,20,20,20,20,20,20,20,32,20,20,,-1.2861871916,6.2696966833,6.3790224574,3.1481695931,1.2861871916,14.2996899293,14.6771071989,4.7441028974,-6.2619462355,-14.2996899293,1,-0.9262116498,-6.3790224574,-14.6771071989,-1,-1,-3.1481695931,-4.7441028974,0.9262116498,1
U80184_rna1_at,74,68,78,89,96,20,91,31,33,20,20,39,40,52,204,99,58,71,38,64,102,20,196,20,63,20,109,20,93,24,35,155,40,20,177,86,65,20,20,20,20,25,26,22,20,20,108,120,130,130,159,213,133,142,98,183,149,112,134,107,109,140,111,79,94,66,95,93,76,,5.5116866728,-5.5818460307,-5.4800660367,-1.9262468731,-5.5116866728,-9.0528665267,-12.8756131498,-12.444976294,4.9278008943,9.0528665267,0.8579873494,4.1177279825,5.4800660367,12.8756131498,-0.8579873494,4.6706626186,1.9262468731,12.444976294,-4.1177279825,-4.6706626186
HG3636-HT3846_at,73,59,62,83,81,71,61,159,135,126,127,139,104,106,106,109,111,103,52,131,95,107,83,126,98,134,150,121,114,72,67,116,148,106,94,122,105,117,99,96,91,77,89,90,73,77,114,94,137,64,85,61,95,36,44,41,55,67,42,43,57,45,57,45,38,53,50,53,46,,3.5940540688,1.2130776513,10.480385861,11.5277876597,-3.5940540688,-0.7632635684,7.9391391814,9.108261697,-1.048142712,0.7632635684,4.1717023713,4.3613419143,-10.480385861,-7.9391391814,-4.1717023713,0.3106913623,-11.5277876597,-9.108261697,-4.3613419143,-0.3106913623
D87077_at,56,113,120,83,200,121,94,20,37,20,20,25,20,20,20,23,53,34,87,21,41,23,37,20,105,86,20,31,65,34,41,26,32,20,72,46,49,91,52,21,20,20,20,20,20,20,20,20,20,21,24,22,20,60,99,66,75,54,68,68,73,91,57,67,66,65,51,66,63,,5.1871752574,5.039880398,-2.2742339273,-1.4196021632,-5.1871752574,-1.4411533842,-11.2249699548,-17.3707629754,-5.0337496221,1.4411533842,-10.9533093353,-16.6019577159,2.2742339273,11.2249699548,10.9533093353,1.5689178401,1.4196021632,17.3707629754,16.6019577159,-1.5689178401
U79248_at,47,60,66,53,61,62,50,47,54,32,38,21,39,50,27,59,43,56,56,46,53,42,71,73,31,67,32,41,50,46,49,53,34,41,58,58,55,49,76,34,36,21,26,27,46,36,22,20,20,20,20,20,28,25,37,30,24,34,38,37,32,26,26,38,31,35,38,36,33,,4.7101425878,12.6903433756,7.1281397161,6.3205193242,-4.7101425878,3.2554823203,0.3871814174,-0.8632425258,-12.2326155861,-3.2554823203,-4.5973111859,-8.5639985777,-7.1281397161,-0.3871814174,4.5973111859,-2.0672067546,-6.3205193242,0.8632425258,8.5639985777,2.0672067546
U62531_at,20,20,183,46,66,20,355,20,81,20,38,32,206,415,123,23,27,28,341,20,42,191,20,20,20,152,30,29,20,60,20,114,236,20,39,20,39,20,69,20,20,20,20,20,20,20,104,49,75,63,74,132,20,47,67,108,111,93,38,96,64,120,72,20,25,20,20,20,20,,3.8380509691,0.4654772019,0.0858058387,3.7826079458,-3.8380509691,-3.9202831839,-6.9420723477,-1,-0.435884938,3.9202831839,-0.4734364606,3.8525433547,-0.0858058387,6.9420723477,0.4734364606,6.818157945,-3.7826079458,1,-3.8525433547,-6.818157945
V00599_s_at,1883,1441,1474,1872,1391,1572,1337,2605,1964,2363,1590,2064,1572,1581,2262,3008,1505,1341,1897,3658,1694,2392,2657,1446,1171,1849,2549,2033,1976,1031,1021,1395,2190,1794,1980,2961,1584,1858,1958,893,820,334,923,660,439,356,1696,1163,1520,1681,1929,2183,651,517,259,1032,1116,1486,886,1035,1322,928,1029,508,470,528,704,611,563,,9.5367786205,1.8959961445,6.4603265781,13.7312608235,-9.5367786205,-4.2607402062,-2.2171748125,0.6655587473,-1.6473970318,4.2607402062,2.6329379017,5.0467014827,-6.4603265781,2.2171748125,-2.6329379017,3.3727063845,-13.7312608235,-0.6655587473,-5.0467014827,-3.3727063845
U67674_at,55,68,53,58,54,70,78,106,84,131,153,151,155,114,89,83,63,83,89,180,75,181,356,624,908,74,110,111,95,102,355,480,66,110,93,70,73,85,88,114,120,122,117,116,131,126,49,59,54,107,56,50,84,76,85,58,66,50,95,101,56,41,42,45,42,45,36,55,44,,1.1643337527,3.0742692312,3.0267062842,3.9141649597,-1.1643337527,6.4785565884,7.5311018208,22.5361649248,-3.0365328659,-6.4785565884,-0.1340111252,2.4498923436,-3.0267062842,-7.5311018208,0.1340111252,3.1113920759,-3.9141649597,-22.5361649248,-2.4498923436,-3.1113920759
X51405_at,362,629,829,399,737,696,565,95,263,93,168,92,176,135,20,107,311,176,340,210,284,95,200,178,447,495,72,271,709,337,514,590,167,127,488,226,268,723,538,40,22,305,197,229,105,662,83,20,20,20,20,118,135,189,133,119,95,121,176,163,341,31,288,602,739,697,628,606,699,,1.2620853974,7.048132593,3.7226544651,-7.6005705479,-1.2620853974,1.9213074864,0.6530643859,-5.1017502678,-6.8027352168,-1.9213074864,-3.0530621322,-19.7951084599,-3.7226544651,-0.6530643859,3.0530621322,-13.3700582379,7.6005705479,5.1017502678,19.7951084599,13.3700582379
M34458_rna1_s_at,148,126,287,192,217,181,152,142,66,123,212,159,81,141,106,98,102,157,201,149,122,213,119,167,116,191,151,84,139,83,161,135,230,80,62,150,150,87,127,31,46,20,87,38,29,21,176,104,216,123,197,124,41,22,20,46,127,189,39,24,55,20,71,36,22,31,33,28,20,,8.8990450242,0.175129321,4.2757423924,13.8664267659,-8.8990450242,-4.1377877502,-1.1429800081,1.156279117,-0.1498488079,4.1377877502,2.733030888,4.8589743527,-4.2757423924,1.1429800081,-2.733030888,1.8549080003,-13.8664267659,-1.156279117,-4.8589743527,-1.8549080003
X56677_at,84,63,56,57,74,61,67,123,96,110,147,102,144,172,96,94,101,113,110,148,97,118,20,617,397,77,93,120,81,92,824,328,96,164,114,105,97,107,106,149,139,148,128,151,150,143,55,46,66,103,68,51,89,131,79,78,51,51,99,85,43,65,56,84,77,79,72,74,73,,0.0572430235,3.0468140799,2.7685991789,2.8118054284,-0.0572430235,8.9297663308,7.7766275196,18.6512350623,-3.0034115594,-8.9297663308,-0.4764502672,-1.0144944051,-2.7685991789,-7.7766275196,0.4764502672,-0.3114440291,-2.8118054284,-18.6512350623,1.0144944051,0.3114440291
M36067_at,71,108,106,117,154,116,140,55,76,102,48,122,81,87,71,89,70,113,77,88,101,114,126,42,100,106,89,89,57,56,64,84,51,50,44,60,127,49,85,35,42,20,60,20,21,39,59,34,73,116,61,93,32,35,100,59,91,130,58,54,63,44,65,20,20,23,20,23,20,,7.2926879981,1.8737958713,1.6588037561,14.1892062682,-7.2926879981,-2.5833044209,-3.3724103704,2.2731331842,-1.6134878742,2.5833044209,-0.2078966262,3.9914753929,-1.6588037561,3.3724103704,0.2078966262,5.3664307379,-14.1892062682,-2.2731331842,-3.9914753929,-5.3664307379
X92715_at,325,294,346,236,314,276,251,445,498,421,429,438,433,492,319,488,336,377,416,495,432,584,2406,2269,2562,380,425,445,462,462,3064,1736,345,434,1215,363,385,479,360,520,422,494,424,459,453,464,273,252,240,292,303,260,265,291,298,246,238,238,283,279,267,273,183,237,268,268,234,275,229,,1.8943235089,3.6083951765,3.6840289444,3.7593244408,-1.8943235089,12.2338864912,11.7609479737,13.3153806314,-3.605456359,-12.2338864912,0.7072929824,1.4732681756,-3.6840289444,-11.7609479737,-0.7072929824,0.5657590037,-3.7593244408,-13.3153806314,-1.4732681756,-0.5657590037
Y09912_rna1_at,120,148,160,112,170,128,160,277,323,324,425,369,358,465,293,345,174,229,212,620,248,580,3427,1222,419,166,455,230,270,204,3576,1777,173,318,212,210,195,212,235,286,303,303,275,301,331,338,168,157,163,332,159,177,275,222,239,130,139,135,198,243,124,115,96,120,118,124,117,143,135,,1.5837781107,2.3676535826,2.705320064,3.0382678883,-1.5837781107,3.6305358917,7.2461297937,18.7664814207,-2.3519906745,-3.6305358917,1.2713863018,2.921460171,-2.705320064,-7.2461297937,-1.2713863018,2.1024599023,-3.0382678883,-18.7664814207,-2.921460171,-2.1024599023
L43338_at,37,38,38,34,29,26,40,81,55,51,57,69,27,64,34,46,41,43,33,35,41,54,36,20,55,35,20,30,29,62,20,52,22,35,37,32,47,43,39,71,62,77,57,76,65,71,21,33,24,27,25,20,25,32,39,32,30,31,32,28,33,28,25,27,28,39,27,38,36,,-7.753269319,6.0053111779,3.8327755443,2.5268205504,7.753269319,13.452556611,12.3380100988,9.844594183,-5.6870160451,-13.452556611,-2.9928825523,-2.6294409318,-3.8327755443,-12.3380100988,2.9928825523,-0.5703518255,-2.5268205504,-9.844594183,2.6294409318,0.5703518255
U34962_at,44,38,36,42,42,35,36,35,35,41,47,53,34,39,37,49,46,34,39,29,34,23,35,20,39,52,43,46,36,61,39,35,35,39,37,43,43,46,40,61,49,40,49,28,48,39,45,58,45,34,30,35,25,20,26,20,41,46,20,48,20,42,27,20,20,24,20,20,20,,-1.3262261915,0.1479270654,2.1385156281,13.5588352309,1.3262261915,1.0400798762,2.5555829403,6.0769724032,-0.1257592556,-1.0400798762,1.3916248483,4.2496942231,-2.1385156281,-2.5555829403,-1.3916248483,2.7188798599,-13.5588352309,-6.0769724032,-4.2496942231,-2.7188798599
U16954_at,931,845,1107,1187,969,1172,1010,588,928,469,579,1237,812,649,70,1032,880,984,1159,1108,740,1443,808,945,861,981,378,626,1102,387,682,747,407,699,874,872,848,1069,786,337,276,169,309,486,177,222,607,108,211,455,261,54,71,75,46,114,191,434,155,176,323,49,320,335,352,329,313,287,269,,9.2786885631,7.4640199388,10.8414213355,11.5593499491,-9.2786885631,0.3345630567,1.5984856942,-0.7322705821,-6.5560595532,-0.3345630567,0.7190230415,-0.7721478832,-10.8414213355,-1.5984856942,-0.7190230415,-2.8983572303,-11.5593499491,0.7322705821,0.7721478832,2.8983572303
S79873_s_at,132,129,198,164,143,199,130,42,37,35,20,37,26,41,77,77,112,94,116,53,54,37,67,60,46,100,38,91,102,117,36,79,101,60,91,73,88,128,67,81,143,186,149,166,20,151,160,112,137,94,94,148,102,252,258,233,172,163,220,199,249,184,205,295,316,277,253,241,303,,-1.8949419683,-3.2452303996,-9.8835928027,-14.0104920448,1.8949419683,0.291125641,-3.5179284777,-6.1541723373,2.9034251997,-0.291125641,-6.2032390188,-10.1412678834,9.8835928027,3.5179284777,6.2032390188,-4.1682723469,14.0104920448,6.1541723373,10.1412678834,4.1682723469
M94547_at,136,90,67,87,80,90,92,242,215,252,287,210,178,178,126,154,125,106,106,162,128,177,192,394,278,92,144,154,162,148,104,224,106,154,111,127,141,135,125,183,184,184,159,159,188,174,105,130,124,105,94,86,84,79,90,78,80,67,96,84,74,85,76,78,64,61,65,85,79,,-1.7022469066,4.2631962483,6.7551315777,7.2832647851,1.7022469066,8.793043404,17.8407615902,16.9005796824,-4.0800940458,-8.793043404,3.1997671367,4.0787543493,-6.7551315777,-17.8407615902,-3.1997671367,1.8518016287,-7.2832647851,-16.9005796824,-4.0787543493,-1.8518016287
U09564_at,168,124,114,190,173,109,117,96,123,87,46,34,110,71,156,113,92,111,117,101,169,95,119,20,120,107,71,95,82,62,100,81,126,58,77,92,112,83,113,39,23,20,31,34,24,20,69,82,125,118,114,110,36,41,61,54,166,131,63,37,69,58,55,41,50,38,40,43,38,,11.7959624483,0.8482641924,2.0856742024,10.1326986778,-11.7959624483,-5.2544698575,-3.4434720377,-4.2839680771,-0.7370523457,5.2544698575,1.109211886,4.1718733702,-2.0856742024,3.4434720377,-1.109211886,2.4022211768,-10.1326986778,4.2839680771,-4.1718733702,-2.4022211768
U70321_at,22,20,31,55,75,22,20,88,30,57,25,102,67,56,24,46,97,92,72,73,98,61,68,57,105,134,48,83,38,113,82,74,72,119,73,77,96,62,80,117,127,120,127,135,134,118,107,96,134,87,79,108,121,70,86,100,23,51,35,191,35,85,84,63,71,123,64,67,99,,-10.5822445086,-4.8798226106,-0.5623474167,-1.2771410154,10.5822445086,2.6950912013,3.1923776201,4.2660309027,4.3400513044,-2.6950912013,1.6950626974,1.8981864423,0.5623474167,-3.1923776201,-1.6950626974,-0.2836122542,1.2771410154,-4.2660309027,-1.8981864423,0.2836122542
D89667_at,478,366,248,287,205,251,289,74,154,78,60,95,131,48,191,39,157,172,108,83,135,97,846,732,20,172,225,58,149,117,1011,83,239,106,329,428,241,71,228,69,68,35,89,94,100,73,168,98,147,287,245,294,239,358,240,318,288,353,242,271,307,262,339,227,242,201,268,261,256,,4.2057651592,0.3458986499,-1.9270237107,-0.4646770918,-4.2057651592,-4.6234321731,-13.7436945348,-12.7055158292,-0.324678119,4.6234321731,-2.7586510038,-1.0464658223,1.9270237107,13.7436945348,2.7586510038,3.2031981597,0.4646770918,12.7055158292,1.0464658223,-3.2031981597
M93426_at,20,81,85,40,205,71,97,20,22,28,40,25,84,35,30,20,20,22,76,46,226,22,45,42,105,166,43,25,114,20,88,49,23,20,122,20,20,87,72,769,425,331,569,784,315,355,224,508,20,20,45,20,20,280,303,165,104,165,296,20,269,228,473,1035,872,874,997,1069,896,,-5.7835243617,-1.0372777073,-4.1881378359,-24.5237213205,5.7835243617,3.6982339909,3.2047668898,-5.3266000886,0.8703344952,-3.6982339909,-1.3383980966,-10.6046123039,4.1881378359,-3.2047668898,1.3383980966,-13.6454813023,24.5237213205,5.3266000886,10.6046123039,13.6454813023
M59488_at,20,46,29,32,36,40,20,33,73,70,20,50,71,57,194,20,40,33,45,213,67,29,54,23,28,25,51,20,43,41,20,77,39,58,131,31,32,30,27,127,184,306,257,264,219,122,20,20,20,20,25,20,20,659,361,553,80,30,655,55,454,20,78,494,605,462,630,596,567,,-5.8596431893,4.3841613813,-2.8515492481,-18.133415101,5.8596431893,7.1615280009,-0.9311771996,-9.1364495384,-4.3768916259,-7.1615280009,-3.209052144,-19.7702820431,2.8515492481,0.9311771996,3.209052144,-2.9536525196,18.133415101,9.1364495384,19.7702820431,2.9536525196
M27691_at,141,243,236,236,230,290,208,77,45,88,55,63,66,80,80,151,130,190,197,21,158,97,68,20,157,171,20,94,134,123,145,74,25,133,121,195,135,160,84,20,20,72,20,60,20,20,69,20,57,72,20,31,22,100,126,192,120,126,146,137,121,103,127,159,143,137,139,123,132,,6.6569354416,6.353489582,-0.2251832703,-0.9981247959,-6.6569354416,-0.6808498095,-8.1588478174,-10.6846294563,-5.9689888332,0.6808498095,-7.2961824897,-9.5499149953,0.2251832703,8.1588478174,7.2961824897,-0.9478711776,0.9981247959,10.6846294563,9.5499149953,0.9478711776
X73478_at,205,189,74,121,164,173,53,42,81,46,60,78,35,31,143,20,147,198,112,74,122,35,20,20,20,97,118,120,151,130,78,25,223,20,220,70,66,230,124,84,136,123,196,131,26,98,414,1337,208,552,259,423,461,325,239,331,322,241,298,192,264,247,312,433,338,289,341,329,247,,-0.5602850736,-3.5080663985,-9.7062072641,-8.328567206,0.5602850736,-2.8313912826,-6.6058389073,-6.7074182013,2.9383625861,2.8313912826,1.7041500125,1.3259842959,9.7062072641,6.6058389073,-1.7041500125,-1.7795357258,8.328567206,6.7074182013,-1.3259842959,1.7795357258
U51336_at,492,419,238,268,214,200,252,228,199,277,173,240,254,207,207,302,462,446,262,216,296,192,199,79,143,169,275,212,152,124,84,167,331,168,254,329,238,156,106,216,150,759,167,249,239,367,148,107,96,96,146,184,147,433,160,145,139,170,411,322,248,281,237,626,678,593,590,630,668,,-0.8603723042,5.6150829566,-0.4817092926,-18.3425124042,0.8603723042,2.1590931251,0.6001872161,-3.9850191349,-5.2690984166,-2.1590931251,-3.3930557572,-25.5429466532,0.4817092926,-0.6001872161,3.3930557572,-10.1545126161,18.3425124042,3.9850191349,25.5429466532,10.1545126161
L15409_at,190,179,183,170,176,206,176,342,274,318,294,350,305,337,236,283,212,181,210,295,272,360,2035,1826,94,245,311,250,244,265,2562,125,293,260,266,244,303,370,292,316,284,267,285,280,293,274,180,169,185,197,191,143,147,164,141,157,135,139,144,136,160,118,116,165,126,151,166,187,120,,1.3478632598,2.6902826622,3.0783664199,2.9234129367,-1.3478632598,11.2716481174,18.3691239885,11.0428109981,-2.6866075962,-11.2716481174,3.3824665798,1.5668448965,-3.0783664199,-18.3691239885,-3.3824665798,-0.9860161736,-2.9234129367,-11.0428109981,-1.5668448965,0.9860161736
D79992_at,80,82,140,134,145,115,103,103,107,112,80,111,82,81,72,111,98,81,93,100,100,78,86,136,109,97,42,99,110,69,97,134,84,45,97,80,107,75,94,47,96,82,72,74,43,62,59,56,60,56,61,64,50,70,112,85,81,85,100,101,67,98,73,65,76,76,68,83,66,,3.5700795047,9.7881550904,1.5688593299,5.1829228675,-3.5700795047,1.3644420573,-2.2399640502,-0.5629416443,-9.5254643116,-1.3644420573,-5.7748818134,-4.2546560263,-1.5688593299,2.2399640502,5.7748818134,2.6655502021,-5.1829228675,0.5629416443,4.2546560263,-2.6655502021
U79294_at,99,150,86,113,114,87,158,128,141,124,77,88,134,183,170,111,137,100,131,173,172,83,391,297,20,85,170,102,104,160,379,74,114,109,200,86,92,129,95,91,246,461,302,156,148,403,168,142,104,104,104,101,704,323,254,298,383,291,307,378,671,550,559,976,911,857,781,887,887,,-2.2491933723,-0.9305954332,-5.6982499099,-25.9341204963,2.2491933723,0.5491323746,-2.0823598308,-10.6940257871,0.7818755425,-0.5491323746,-2.0772871797,-7.7281798387,5.6982499099,2.0823598308,2.0772871797,-9.2947951551,25.9341204963,10.6940257871,7.7281798387,9.2947951551
M57464_s_at,293,192,73,111,32,38,52,161,108,315,331,57,131,123,231,277,176,186,119,188,67,99,73,25,22,77,690,287,96,130,26,20,308,268,262,210,175,41,206,121,128,78,165,68,109,84,257,281,307,303,283,292,265,94,20,63,102,126,119,62,119,55,88,88,62,66,83,75,65,,2.1989432194,-5.746231783,3.2718750646,4.1680721467,-2.1989432194,-12.0875284368,1.3586486151,2.5439880631,5.6564947935,12.0875284368,15.4759311028,25.6303437216,-3.2718750646,-1.3586486151,-15.4759311028,0.9992619078,-4.1680721467,-2.5439880631,-25.6303437216,-0.9992619078
M96954_s_at,196,215,163,130,113,123,114,51,56,67,36,40,55,45,115,85,64,99,125,55,75,35,56,21,47,137,187,68,71,88,41,20,125,83,100,75,59,85,39,53,49,35,62,42,47,27,149,154,209,228,158,188,197,78,100,151,258,239,148,160,174,120,186,174,149,146,140,125,108,,4.6580079384,-7.9023464335,-3.8649924445,-4.53579124,-4.6580079384,-11.2469468175,-6.3154071029,-9.3827785058,7.0345429114,11.2469468175,1.0288462943,2.9223307414,3.8649924445,6.3154071029,-1.0288462943,1.0473801847,4.53579124,9.3827785058,-2.9223307414,-1.0473801847
J03191_at,338,198,197,365,195,73,64,130,96,269,20,133,90,135,878,223,365,367,181,305,219,28,20,20,113,122,274,176,237,155,20,51,309,112,106,196,309,20,126,30,112,121,320,20,47,105,721,1132,924,881,754,1029,739,154,73,416,605,458,120,306,237,353,580,375,246,257,292,259,263,,1.6882023629,-12.5238364766,-2.25998134,-3.0380054664,-1.6882023629,-10.9261363606,-3.1545396633,-4.0185745593,10.8092584218,10.9261363606,6.5989146423,9.5919793426,2.25998134,3.1545396633,-6.5989146423,0.7757354445,3.0380054664,4.0185745593,-9.5919793426,-0.7757354445
U14968_at,1519,1253,1176,1028,895,939,949,316,97,521,375,282,708,485,1516,964,778,906,572,930,348,214,474,199,210,497,1735,1086,326,423,407,288,1234,964,1627,1630,917,199,753,311,248,57,367,121,238,180,1088,1139,1018,1722,1320,1827,1562,993,728,936,1120,1124,1179,1091,1147,883,1177,806,889,841,779,867,928,,6.4806773956,-4.9148907738,-3.1441277635,-1.1568317269,-6.4806773956,-9.0438267559,-13.1881266369,-13.7139769389,4.3406767857,9.0438267559,2.6284137689,4.2693898984,3.1441277635,13.1881266369,-2.6284137689,3.5647843472,1.1568317269,13.7139769389,-4.2693898984,-3.5647843472
D55716_at,521,276,334,389,492,273,308,426,217,299,214,370,714,339,159,386,233,389,372,339,235,929,362,37,281,189,126,281,280,149,450,185,224,220,308,443,574,155,352,20,20,20,38,25,20,20,154,76,165,172,176,294,78,20,21,117,195,372,113,64,181,75,140,23,31,26,36,55,20,,11.572661453,4.8427461446,4.7309354794,11.0882639584,-11.572661453,-4.891515438,-3.2295923588,-1.4789098616,-4.4443996598,4.891515438,0.6859502758,4.5248124491,-4.7309354794,3.2295923588,-0.6859502758,2.9429742271,-11.0882639584,1.4789098616,-4.5248124491,-2.9429742271
M34057_at,115,96,105,84,150,71,280,134,117,68,57,137,74,99,181,82,122,126,210,67,151,71,64,85,61,90,71,157,89,116,20,112,59,75,91,100,100,116,109,99,88,104,108,86,115,139,1080,77,48,104,147,426,182,257,372,301,362,368,288,296,323,166,323,75,70,92,63,83,93,,-0.0133903532,-1.6238417098,-9.5660842172,2.9098481662,0.0133903532,-1.3588066551,-9.6661918177,3.1168269546,1.3594432768,1.3588066551,-0.07646078,1.5480363337,9.5660842172,9.6661918177,0.07646078,11.2259857303,-2.9098481662,-3.1168269546,-1.5480363337,-11.2259857303
L19593_at,23,20,20,20,21,20,26,42,56,56,76,57,51,48,32,44,29,29,22,44,33,114,96,171,148,21,36,32,27,34,76,82,30,37,31,28,39,42,27,62,56,59,54,56,61,50,24,30,28,34,20,20,32,22,31,21,20,20,29,31,20,20,20,20,22,20,20,24,20,,-1.6867739588,3.5058419011,4.1532892987,4.7105262737,1.6867739588,11.3060199432,15.1817817494,20.8300548385,-3.4368172128,-11.3060199432,1.3157097346,2.6165475218,-4.1532892987,-15.1817817494,-1.3157097346,1.4274928543,-4.7105262737,-20.8300548385,-2.6165475218,-1.4274928543
M37400_at,111,162,91,99,108,135,77,20,26,20,20,20,20,20,29,27,25,84,57,41,47,20,20,39,20,116,20,20,42,39,24,20,24,20,42,49,26,52,20,20,20,20,29,23,20,29,45,55,50,189,51,78,20,132,170,67,120,104,83,47,116,157,79,103,108,96,93,92,91,,3.9157856209,-1.2016851657,-4.3412917965,-7.4588428769,-3.9157856209,-2.2292230696,-6.7409893963,-22.998984611,1.0219039881,2.2292230696,-1.5541402246,-1.3022669767,4.3412917965,6.7409893963,1.5541402246,0.8108906335,7.4588428769,22.998984611,1.3022669767,-0.8108906335
X12492_at,164,111,80,92,46,52,62,130,111,181,231,74,156,142,141,197,99,103,85,122,69,116,59,54,100,59,406,123,68,93,56,65,139,96,95,89,104,68,121,138,112,90,121,73,122,79,133,144,144,151,143,116,100,72,54,64,83,77,80,58,90,80,75,58,58,62,63,75,72,,0.489305223,-1.7972068086,3.5334435141,4.4090548452,-0.489305223,-2.4136906047,3.1867696051,4.1479658456,1.7099817366,2.4136906047,7.5995650789,9.0263712561,-3.5334435141,-3.1867696051,-7.5995650789,1.8537396249,-4.4090548452,-4.1479658456,-9.0263712561,-1.8537396249
M62302_at,36,34,65,82,54,103,20,20,20,20,28,22,20,49,20,20,20,107,34,69,20,20,20,20,20,37,20,20,20,20,20,20,21,20,122,34,20,43,20,81,138,97,152,202,120,127,83,20,20,20,20,20,20,747,502,523,34,47,699,29,453,237,142,320,343,359,374,378,341,,-6.1636926434,0.7355508351,-3.4819311262,-31.7496812606,6.1636926434,5.8597468941,-2.3627157063,-12.7223934502,-0.6396035928,-5.8597468941,-3.5403296562,-25.4074132993,3.4819311262,2.3627157063,3.5403296562,-0.1269657217,31.7496812606,12.7223934502,25.4074132993,0.1269657217
L36818_at,105,60,25,55,40,34,61,32,20,31,20,20,20,20,109,30,95,48,54,24,52,22,33,20,30,59,27,69,36,72,20,54,102,45,90,64,63,59,35,46,84,64,72,65,85,97,151,116,142,256,143,180,166,167,142,165,188,209,191,138,217,141,170,221,240,199,243,237,209,,-3.3710322126,-7.9200751565,-12.7645161297,-20.8811317081,3.3710322126,-5.0458886118,-9.0946836905,-15.5046185514,6.706590444,5.0458886118,-0.414398696,-3.2375084063,12.7645161297,9.0946836905,0.414398696,-4.5020750972,20.8811317081,15.5046185514,3.2375084063,4.5020750972
M31520_rna1_s_at,1184,861,549,805,506,533,535,310,138,561,349,252,529,371,412,812,454,449,293,412,167,220,406,57,104,286,1131,622,113,220,137,109,579,758,839,895,390,124,373,147,127,77,133,68,94,88,653,481,536,761,397,783,593,580,667,578,783,897,696,620,536,518,681,507,570,545,483,405,607,,7.4831093325,-2.2287181502,-3.3682881222,-1.1428735452,-7.4831093325,-9.0031929465,-14.2125740462,-13.2336211884,2.0251134283,9.0031929465,-0.842440652,1.3244400556,3.3682881222,14.2125740462,0.842440652,2.8905812572,1.1428735452,13.2336211884,-1.3244400556,-2.8905812572
U30827_s_at,552,436,549,488,626,515,644,120,106,90,42,156,182,302,821,509,319,422,218,555,859,138,176,76,172,372,345,101,475,364,258,162,307,274,321,389,456,456,84,54,47,110,73,88,20,114,340,265,265,355,344,471,469,741,804,552,530,602,886,521,543,533,318,442,449,382,449,426,463,,7.6666971589,-0.3267730581,-4.1918455838,-2.58543797,-7.6666971589,-8.2904606518,-9.8899325042,-20.7234145864,0.30214621,8.2904606518,-4.0034769323,-2.2541150234,4.1918455838,9.8899325042,4.0034769323,3.1452873991,2.58543797,20.7234145864,2.2541150234,-3.1452873991
V01515_cds1_at,29,23,25,21,20,22,35,50,43,51,45,46,24,39,32,22,35,36,38,38,25,51,45,43,20,42,45,45,28,52,20,61,46,26,49,43,42,41,46,69,61,56,57,66,64,61,27,37,45,63,38,20,31,22,42,27,26,23,30,38,25,27,22,21,20,24,21,24,28,,-9.9329682816,-0.0547036692,3.1698285956,6.5074115471,9.9329682816,4.4466298549,12.1678887512,18.1650490851,0.0467655602,-4.4466298549,1.5981312014,2.6430128065,-3.1698285956,-12.1678887512,-1.5981312014,2.1158499928,-6.5074115471,-18.1650490851,-2.6430128065,-2.1158499928
U49973_xpt2_at,58,74,71,43,65,71,78,93,85,63,40,70,107,130,60,124,52,46,87,106,100,114,51,54,139,80,85,76,86,84,71,130,53,86,82,81,57,120,66,44,33,22,32,53,48,40,33,23,22,45,34,24,22,75,74,40,53,48,81,26,51,29,32,43,42,51,49,50,43,,7.2435006495,10.4022610243,3.9164430899,7.6985575844,-7.2435006495,1.8979646628,-1.6062207156,-1.719986435,-9.7722965929,-1.8979646628,-3.0679361378,-4.6941372296,-3.9164430899,1.6062207156,3.0679361378,0.6974110191,-7.6985575844,1.719986435,4.6941372296,-0.6974110191
U48408_at,138,111,97,119,121,128,121,208,191,202,222,215,197,180,151,181,165,148,157,171,167,179,273,213,262,152,183,199,163,98,337,307,195,164,147,123,156,168,193,215,207,205,208,177,195,203,120,165,157,100,135,89,132,96,114,110,112,92,87,106,105,108,98,98,93,110,95,127,98,,-2.5409374689,3.9980494253,8.3382295639,7.3907131402,2.5409374689,6.3598804234,18.0295036539,13.9015389269,-3.6142744308,-6.3598804234,2.3384774798,2.1062821742,-8.3382295639,-18.0295036539,-2.3384774798,-0.1164494252,-7.3907131402,-13.9015389269,-2.1062821742,0.1164494252
D86985_at,89,116,206,147,196,190,181,33,123,25,31,73,59,42,74,67,60,55,75,90,104,82,52,94,105,135,38,43,140,85,131,183,71,22,79,63,60,141,113,37,48,30,37,59,29,39,45,54,20,65,39,86,54,171,213,160,145,172,103,137,134,134,134,249,265,236,247,201,193,,6.0365275662,4.0712396287,-4.4952085159,-9.6889988037,-6.0365275662,-1.3663203469,-10.6998304638,-15.5445351893,-3.7635536652,1.3663203469,-7.9842883011,-12.7903326022,4.4952085159,10.6998304638,7.9842883011,-5.406716547,9.6889988037,15.5445351893,12.7903326022,5.406716547
U32331_at,46,146,62,23,28,30,20,22,33,34,20,20,20,21,26,20,22,20,20,20,20,20,43,20,20,20,20,20,20,20,53,77,24,43,34,22,20,32,20,20,25,32,47,58,20,20,20,26,20,20,20,24,20,106,78,117,109,61,66,123,375,237,231,202,256,257,248,223,246,,-0.1348861218,2.4857055829,-3.7465188733,-21.61571722,0.1348861218,1.7694815707,-3.6828906665,-19.5724467987,-2.4624549979,-1.7694815707,-4.0655511718,-24.3169924733,3.7465188733,3.6828906665,4.0655511718,-2.6854317954,21.61571722,19.5724467987,24.3169924733,2.6854317954
U73379_at,470,350,295,515,395,321,386,497,278,888,408,555,381,556,402,435,488,514,458,473,310,461,472,498,260,333,553,790,304,359,353,323,427,289,511,619,665,255,427,284,310,257,285,235,277,230,431,344,447,624,582,470,271,263,275,351,351,414,284,205,292,172,275,138,135,149,140,159,142,,7.0998293936,-0.2182187266,4.9257451348,13.4046176888,-7.0998293936,-3.8428406074,-0.7986260297,10.7923606879,0.18955234,3.8428406074,3.1749510865,6.5911804172,-4.9257451348,0.7986260297,-3.1749510865,6.3640204894,-13.4046176888,-10.7923606879,-6.5911804172,-6.3640204894
U48705_rna1_s_at,188,131,156,198,193,171,142,67,167,41,22,62,20,20,271,98,138,121,51,197,160,88,109,20,79,74,37,35,101,112,171,218,100,101,188,132,95,169,124,321,581,481,438,493,656,270,292,336,41,94,79,245,50,710,885,580,403,504,441,579,935,876,498,932,992,843,859,858,826,,-6.6161550334,-1.1166463186,-8.3020899626,-27.520734545,6.6161550334,4.3192435163,-2.2088849005,-7.3415208761,0.9430179882,-4.3192435163,-6.1334536672,-13.4513791975,8.3020899626,2.2088849005,6.1334536672,-3.6122482252,27.520734545,7.3415208761,13.4513791975,3.6122482252
U79271_at,131,203,297,123,159,244,168,49,64,61,72,37,32,113,34,205,63,84,180,204,82,67,82,63,62,174,88,83,105,36,22,285,148,56,106,97,90,230,30,22,43,20,20,27,20,25,20,20,20,20,20,20,20,79,76,109,81,71,142,52,86,105,78,96,149,95,98,77,100,,7.2894965608,7.9976688846,1.8184309152,0.722078335,-7.2894965608,1.688811219,-7.3731745572,-7.4398543572,-7.9976688846,-1.688811219,-8.6010640238,-8.3373040186,-1.8184309152,7.3731745572,8.6010640238,-1.1533746427,-0.722078335,7.4398543572,8.3373040186,1.1533746427
M65254_at,146,170,124,135,133,120,163,294,244,237,206,300,248,215,161,251,167,183,163,212,241,210,178,221,205,173,227,170,239,262,207,259,135,197,128,233,168,189,167,320,231,172,216,174,200,169,130,189,153,102,95,73,136,33,58,30,107,97,37,20,74,90,73,150,120,100,136,88,107,,-0.6859247101,4.9422602948,10.9540648166,6.6210353106,0.6859247101,3.452405717,6.6877682815,4.2592792851,-4.3141908261,-3.452405717,3.5894093,0.4900228456,-10.9540648166,-6.6877682815,-3.5894093,-4.0405509121,-6.6210353106,-4.2592792851,-0.4900228456,4.0405509121
M19645_at,179,241,235,241,230,200,231,20,87,112,66,77,59,110,292,65,243,94,261,72,191,71,71,26,105,260,203,122,158,263,57,101,361,78,147,98,119,224,123,67,132,80,249,100,54,97,480,530,388,436,786,628,674,688,374,611,447,483,397,389,473,529,527,458,366,363,444,503,392,,1.4060213917,-8.723649958,-9.8455813653,-10.1108659761,-1.4060213917,-7.5919941527,-9.4217871043,-9.1481190784,7.3921336233,7.5919941527,1.0976098436,2.3858230596,9.8455813653,9.4217871043,-1.0976098436,1.8031651806,10.1108659761,9.1481190784,-2.3858230596,-1.8031651806
D17716_at,116,117,99,84,112,114,67,268,136,243,200,170,145,199,104,143,168,150,180,168,178,207,280,520,280,153,146,204,207,219,304,239,162,196,157,136,156,188,153,321,244,328,273,303,325,274,134,111,145,120,150,104,119,147,113,104,111,72,170,104,132,144,85,139,127,127,115,160,141,,-6.5204245517,4.0203556247,4.0048845084,3.2973351703,6.5204245517,12.2288482056,11.469719227,11.679759619,-3.8897450239,-12.2288482056,0.6897791135,-0.9545029994,-4.0048845084,-11.469719227,-0.6897791135,-1.4587089349,-3.2973351703,-11.679759619,0.9545029994,1.4587089349
U07802_at,72,62,46,66,61,33,39,65,94,44,61,27,80,31,251,36,112,62,38,52,69,63,20,20,31,41,75,50,80,77,20,20,154,57,81,51,43,36,40,66,145,147,138,106,71,147,247,111,96,155,58,190,265,224,170,207,205,251,304,168,238,266,308,331,275,283,322,278,434,,-3.725633134,-3.9109398361,-10.2580857581,-10.1734420137,3.725633134,-1.3286742956,-5.6419327519,-7.205717069,3.3056928663,1.3286742956,-2.2158856335,-4.1696756292,10.2580857581,5.6419327519,2.2158856335,-2.960412909,10.1734420137,7.205717069,4.1696756292,2.960412909
U45955_at,54,154,133,148,65,122,20,20,103,82,20,24,52,28,44,46,97,26,27,223,96,36,68,20,20,20,63,60,41,20,20,21,66,40,310,20,20,43,20,400,486,589,708,600,726,681,254,305,83,20,20,56,22,726,960,876,202,175,789,353,815,982,633,777,931,1026,889,792,929,,-11.466533247,-1.1395382805,-6.1023040809,-20.8859320201,11.466533247,7.622924944,-0.4955128713,-4.9056960264,0.9626573277,-7.622924944,-5.1224965319,-13.1736262501,6.1023040809,0.4955128713,5.1224965319,-2.3235368628,20.8859320201,4.9056960264,13.1736262501,2.3235368628
L06132_at,437,419,325,474,517,366,359,137,213,191,181,147,250,154,286,205,299,412,372,246,230,200,181,105,179,303,234,285,231,193,177,166,419,116,329,288,334,127,334,162,190,193,258,173,120,189,401,497,472,560,569,577,577,299,339,400,431,459,296,320,389,463,400,512,467,433,467,354,402,,3.6109388314,-9.3072931499,-4.2933864803,-6.0483031923,-3.6109388314,-11.2781939615,-7.7475134697,-9.2518292676,8.2846985042,11.2781939615,4.393168029,2.4158459461,4.2933864803,7.7475134697,-4.393168029,-1.9723425066,6.0483031923,9.2518292676,-2.4158459461,1.9723425066
L25270_at,22,21,22,21,25,21,26,53,30,41,46,20,42,46,32,31,25,26,33,45,41,42,45,35,49,36,27,35,40,38,49,44,36,49,39,32,27,47,39,52,49,52,48,55,52,44,29,36,36,29,29,24,25,31,23,20,23,20,27,20,23,20,20,20,20,23,20,24,20,,-7.2817626844,2.6113753095,6.5222528535,8.2705683794,7.2817626844,9.1378701644,15.3671289934,18.7780877053,-2.3750304447,-9.1378701644,3.2692271796,4.3931673238,-6.5222528535,-15.3671289934,-3.2692271796,1.1008691765,-8.2705683794,-18.7780877053,-4.3931673238,-1.1008691765
U79245_at,639,375,288,317,301,257,360,913,796,1019,1042,729,679,967,620,1319,427,430,402,811,612,637,999,2079,329,421,701,527,520,380,1464,386,633,465,490,618,608,305,501,514,383,367,451,397,462,341,539,535,489,658,532,575,375,230,130,183,267,268,240,180,340,244,259,196,189,214,190,250,205,,3.690899572,1.8685156791,6.7314058137,7.4126009988,-3.690899572,-2.826134174,6.1684089869,8.3863341652,-1.8023166757,2.826134174,7.9021391517,9.5242130296,-6.7314058137,-6.1684089869,-7.9021391517,1.2942037856,-7.4126009988,-8.3863341652,-9.5242130296,-1.2942037856
D78134_at,496,777,860,546,715,858,469,155,260,286,280,352,278,222,287,585,587,519,417,330,370,213,375,486,628,670,141,405,464,346,296,275,528,302,817,567,419,690,413,385,141,247,397,302,228,247,279,204,123,348,280,399,135,578,613,721,636,523,728,521,616,844,499,495,436,385,527,468,352,,3.7914400264,4.4420323811,-3.758445711,0.2330498838,-3.7914400264,0.4900812222,-7.1867830035,-3.7897810271,-4.0102123393,-0.4900812222,-7.1706659337,-4.0031476517,3.758445711,7.1867830035,7.1706659337,4.1913102832,-0.2330498838,3.7897810271,4.0031476517,-4.1913102832
D25304_at,270,250,140,167,141,120,110,77,56,109,76,26,20,27,62,87,212,197,120,66,85,35,66,20,20,111,205,233,84,136,47,22,176,214,191,180,153,98,163,149,235,185,296,214,165,299,569,165,178,180,209,241,243,136,159,203,162,176,200,147,321,382,288,686,766,656,799,641,737,,-4.0706487062,-2.9774755441,-3.4763760841,-21.1886610756,4.0706487062,-0.5939906877,0.0869007064,-14.3853979733,2.5139938248,0.5939906877,0.6288519254,-7.7190528785,3.4763760841,-0.0869007064,-0.6288519254,-13.4429991088,21.1886610756,14.3853979733,7.7190528785,13.4429991088
L34587_at,211,240,282,282,145,264,239,43,51,62,118,116,124,108,200,104,130,107,171,111,70,123,51,28,20,152,127,122,49,70,48,58,287,66,187,218,134,112,171,47,78,30,55,87,30,34,167,215,173,180,192,218,163,103,109,203,237,214,87,114,220,220,248,209,200,165,193,162,165,,5.4600190716,-3.8074734115,-1.791253283,-3.3071963033,-5.4600190716,-11.1199061054,-5.6407138548,-10.7299521652,3.616812825,11.1199061054,0.519950446,0.3784031779,1.791253283,5.6407138548,-0.519950446,-0.3126784291,3.3071963033,10.7299521652,-0.3784031779,0.3126784291
M73047_at,74,71,47,71,23,69,32,36,35,60,40,22,21,42,42,69,45,78,34,85,36,27,39,20,46,40,20,37,37,29,20,28,43,37,44,47,51,34,21,20,20,20,20,23,20,20,27,20,26,68,23,42,62,21,22,25,41,43,50,26,46,31,50,50,56,56,50,48,52,,7.647493701,0.5975657491,1.4720043869,-3.063119805,-7.647493701,-2.4062203235,-4.0489006182,-22.0486131176,-0.513463995,2.4062203235,0.336426708,-1.820372759,-1.4720043869,4.0489006182,-0.336426708,-4.1857565314,3.063119805,22.0486131176,1.820372759,4.1857565314
U95740_rna2_at,247,448,391,250,361,545,182,75,122,110,68,237,221,33,96,286,185,170,319,341,121,248,139,52,144,47,36,89,178,182,171,103,66,99,165,174,173,383,64,88,89,82,154,94,93,96,59,35,48,51,20,52,66,150,149,170,109,131,189,106,249,218,123,464,430,304,387,408,272,,4.0819503481,6.9723060716,1.1502092307,-5.246676493,-4.0819503481,4.7679501362,-3.4065973169,-8.7402970578,-6.8867792103,-4.7679501362,-6.9811283493,-10.6566253849,-1.1502092307,3.4065973169,6.9811283493,-6.4300235538,5.246676493,8.7402970578,10.6566253849,6.4300235538
L08895_at,43,47,20,45,20,25,20,20,24,20,20,20,20,20,20,20,81,20,20,20,20,20,20,20,20,20,34,20,20,20,20,20,20,20,20,20,20,59,20,25,41,20,53,36,20,73,87,20,20,20,20,45,86,104,104,80,33,42,75,67,73,38,193,113,108,119,123,118,122,,-1.7260654145,-1.7264305249,-3.7485758612,-29.5422128382,1.7260654145,-0.3070349352,-2.5850646891,-10.2090514453,1.4535718679,0.3070349352,-2.0256111295,-6.1737064418,3.7485758612,2.5850646891,2.0256111295,-2.4291161237,29.5422128382,10.2090514453,6.1737064418,2.4291161237
X58723_at,49,59,55,42,52,52,71,112,96,128,162,90,187,140,104,103,67,71,91,165,88,150,34,65,47,56,97,102,102,82,310,491,57,131,103,75,73,76,90,90,97,100,97,92,97,102,43,49,40,71,60,44,76,91,78,48,57,47,91,86,42,37,36,47,42,44,46,55,50,,0.7148778229,3.713737865,2.9985225116,4.4585019219,-0.7148778229,7.3491588046,4.7693018361,19.8865840684,-3.6291745721,-7.3491588046,-0.7297884781,1.2794720579,-2.9985225116,-4.7693018361,0.7297884781,1.8779421718,-4.4585019219,-19.8865840684,-1.2794720579,-1.8779421718
M69066_at,217,272,109,497,85,106,64,122,127,117,101,60,40,27,295,177,572,297,89,97,154,35,197,45,124,102,54,306,112,346,115,94,192,219,386,268,265,65,192,168,398,139,485,118,30,131,502,556,458,630,498,481,698,676,492,740,557,302,707,769,614,665,733,563,602,574,630,584,669,,-0.5616648942,-10.8436228784,-9.1496036081,-16.6020620893,0.5616648942,-4.7406106302,-5.3827871031,-6.0849262775,9.5840739827,4.7406106302,-1.4154713154,-1.5545579999,9.1496036081,5.3827871031,1.4154713154,0.4552933135,16.6020620893,6.0849262775,1.5545579999,-0.4552933135
X67155_at,110,98,90,112,99,109,118,185,135,221,160,131,113,143,160,166,110,127,132,100,131,143,88,96,57,117,112,176,156,131,67,66,118,147,144,128,177,134,129,130,113,129,123,115,127,118,137,115,124,148,145,131,132,121,91,87,119,125,132,76,92,65,88,76,69,76,77,79,67,,0.7371438656,-1.0098601653,2.9866803972,9.1422020813,-0.7371438656,-2.1695162458,2.9323989158,14.7529157911,0.9484109348,2.1695162458,3.9740734115,12.388326375,-2.9866803972,-2.9323989158,-3.9740734115,3.4153916216,-9.1422020813,-14.7529157911,-12.388326375,-3.4153916216
U79287_at,531,533,682,509,700,685,503,243,454,423,168,506,531,543,580,443,246,532,484,585,421,732,342,306,290,518,576,361,385,217,256,274,254,254,288,558,465,345,268,102,69,46,164,52,38,70,455,212,291,440,433,450,152,509,496,552,643,663,550,313,431,503,301,296,341,263,284,311,290,,12.2657746772,1.8738142162,-1.3369915775,5.226724472,-12.2657746772,-5.3027997173,-10.0607467125,-11.1710768951,-1.6335873518,5.3027997173,-2.4134500961,1.0130270059,1.3369915775,10.0607467125,2.4134500961,4.9994306248,-5.226724472,11.1710768951,-1.0130270059,-4.9994306248
U52828_s_at,393,546,444,431,221,299,366,75,127,129,35,86,70,98,45,243,200,198,296,176,312,170,60,80,69,357,88,129,91,323,157,57,25,173,177,176,204,274,151,203,106,957,165,381,200,369,20,20,20,20,20,20,20,423,244,361,31,151,467,20,544,288,204,708,833,657,846,737,797,,-1.3107501362,8.4088481613,-1.330192863,-15.4641412425,1.3107501362,2.9139443103,0.5415837724,-3.7087172311,-8.4088481613,-2.9139443103,-4.5043887839,-24.3717929365,1.330192863,-0.5415837724,4.5043887839,-7.6556121322,15.4641412425,3.7087172311,24.3717929365,7.6556121322
L23333_s_at,412,280,192,193,155,178,192,173,146,233,121,165,87,67,115,136,215,271,147,140,108,94,106,161,86,175,641,297,152,183,97,65,265,209,289,278,199,149,180,199,158,134,172,142,187,165,226,291,294,279,302,284,312,155,113,152,227,242,210,302,212,156,220,158,158,167,155,159,156,,1.2297111417,-5.0511978765,-0.42984106,1.7644161341,-1.2297111417,-8.6705307546,-1.7223928757,0.7219790283,4.8318252526,8.6705307546,4.179150971,11.7411336663,0.42984106,1.7223928757,-4.179150971,2.286502024,-1.7644161341,-0.7219790283,-11.7411336663,-2.286502024
D13631_s_at,21,54,20,31,20,20,20,20,20,20,20,20,20,20,20,20,34,20,20,20,28,20,20,20,20,20,20,20,20,20,36,20,20,20,20,20,20,20,20,36,98,40,99,63,44,84,194,20,20,20,20,20,20,20,33,62,23,27,26,24,114,141,89,329,365,331,396,314,293,,-4.2395201311,-1.0902922375,-2.420694332,-20.8920050631,4.2395201311,0.795755035,0.5990939662,-14.8511286767,0.9125476038,-0.795755035,-0.3877356089,-10.0823674983,2.420694332,-0.5990939662,0.3877356089,-13.7532688841,20.8920050631,14.8511286767,10.0823674983,13.7532688841
HG3063-HT3224_at,36,25,23,22,27,25,29,62,34,69,102,56,48,27,31,52,38,31,41,52,39,64,71,57,75,39,27,50,51,54,49,94,44,64,47,37,39,44,51,60,67,60,56,59,58,68,37,40,43,39,31,24,36,29,32,29,22,20,30,26,21,23,23,26,21,23,25,31,25,,-4.1639444831,3.0904008496,6.5289606483,6.6035715371,4.1639444831,8.5872512719,16.305486959,16.307000349,-2.9012676151,-8.5872512719,3.7047516216,3.8034789867,-6.5289606483,-16.305486959,-3.7047516216,0.1732917483,-6.6035715371,-16.307000349,-3.8034789867,-0.1732917483
X59892_at,296,229,196,195,162,162,201,225,225,286,257,177,232,242,206,306,239,232,195,228,174,236,407,597,367,198,352,334,229,264,505,324,318,299,255,255,241,217,263,319,238,239,267,244,269,254,324,290,318,330,293,249,272,208,163,163,209,198,204,224,230,156,170,154,144,172,161,165,132,,0.1876872063,-1.8683801871,4.3492171202,7.1362985439,-0.1876872063,-2.2701030734,5.0200760634,8.7038332646,1.7580318895,2.2701030734,7.3782162015,11.1876491944,-4.3492171202,-5.0200760634,-7.3782162015,3.6111901691,-7.1362985439,-8.7038332646,-11.1876491944,-3.6111901691
L20971_at,22,73,292,50,51,212,58,20,88,20,82,87,29,87,20,20,29,20,91,39,32,25,33,56,79,99,35,20,84,20,39,63,32,20,50,20,20,155,20,118,83,78,183,151,27,67,20,47,50,20,32,53,20,20,29,56,33,43,25,42,64,28,62,553,443,432,401,435,336,,-1.9182283867,2.3854755854,1.8107596124,-12.4084140333,1.9182283867,3.1760042777,2.9323437893,-9.4530492128,-2.279129515,-3.1760042777,-0.739382211,-13.5661590539,-1.8107596124,-2.9323437893,0.739382211,-13.4335685964,12.4084140333,9.4530492128,13.5661590539,13.4335685964
Z48950_at,714,952,1363,1068,1467,1536,1214,654,1346,468,667,1018,829,1242,477,672,915,858,1469,993,1819,1174,1290,1490,2127,1310,505,675,2181,810,2155,1888,1115,730,1253,1170,832,2168,1597,1130,561,478,711,701,465,705,260,349,434,392,386,387,421,626,977,843,458,481,697,615,650,1049,518,998,723,596,880,1007,878,,4.3793732066,10.1047407774,4.8800473015,3.3173298565,-4.3793732066,3.4421226756,-0.1186864926,-1.564317438,-9.9938027415,-3.4421226756,-4.6450843642,-6.8246758314,-4.8800473015,0.1186864926,4.6450843642,-1.6937269609,-3.3173298565,1.564317438,6.8246758314,1.6937269609
U66879_at,83,20,51,98,46,30,20,20,20,20,20,20,20,20,85,20,20,20,20,20,20,20,20,260,20,32,20,20,20,20,20,20,20,20,20,20,20,20,20,20,20,350,20,20,20,20,25,20,20,20,20,87,66,71,129,151,97,98,123,90,135,111,97,20,47,22,52,20,48,,-0.707326966,-0.3069851018,-7.5532425935,-0.148186946,0.707326966,0.627025953,-0.901600807,0.6791637825,0.2723046425,-0.627025953,-5.6465318058,0.164591197,7.5532425935,0.901600807,5.6465318058,7.5779952388,0.148186946,-0.6791637825,-0.164591197,-7.5779952388
X95826_at,70,66,58,43,45,44,60,75,64,119,114,57,92,76,58,94,78,71,86,61,52,79,71,74,66,69,118,97,73,93,57,56,73,133,105,82,79,75,93,74,114,77,86,99,99,112,88,83,110,102,82,79,85,62,38,37,52,45,61,60,51,38,38,41,36,42,38,48,40,,-2.6154459213,-2.7031977062,5.9410904345,9.314706655,2.6154459213,0.6134216611,6.7407500182,8.5651786551,2.437992564,-0.6134216611,7.6159916542,10.4427394603,-5.9410904345,-6.7407500182,-7.6159916542,2.0023998409,-9.314706655,-8.5651786551,-10.4427394603,-2.0023998409
D42041_at,178,103,182,249,200,191,128,118,104,116,76,94,90,132,195,165,198,170,200,99,113,90,72,105,94,257,66,205,108,273,84,115,221,113,197,148,277,137,162,110,156,113,169,145,84,100,329,323,339,347,436,376,314,221,219,246,251,263,303,221,147,274,222,215,221,209,173,163,187,,1.5862200949,-12.4368236324,-5.3741659217,-3.3499102758,-1.5862200949,-11.3998737161,-6.2462733428,-4.5072084156,10.96587239,11.3998737161,5.5647118522,8.4326058467,5.3741659217,6.2462733428,-5.5647118522,2.554490268,3.3499102758,4.5072084156,-8.4326058467,-2.554490268
X89750_at,155,111,40,127,49,81,23,123,55,86,62,51,54,76,293,55,176,133,123,83,58,53,57,46,47,38,68,189,57,157,38,73,127,83,67,104,217,53,58,28,84,65,92,33,43,96,126,170,225,114,296,236,152,192,386,215,274,231,220,189,177,186,128,95,82,77,63,60,87,,1.9754971487,-4.2715805299,-5.3973922694,1.2714893867,-1.9754971487,-4.6037625394,-6.3817687897,-1.1790782688,3.6625787731,4.6037625394,-0.9405002352,4.3351508386,5.3973922694,6.3817687897,0.9405002352,6.258847348,-1.2714893867,1.1790782688,-4.3351508386,-6.258847348
D29675_s_at,107,47,36,76,42,46,25,84,71,62,40,45,20,20,20,44,81,87,81,25,37,20,20,20,20,77,116,76,68,91,20,20,101,82,96,88,86,31,84,108,86,98,84,103,106,78,86,96,94,93,75,80,96,22,20,51,54,46,20,37,71,47,52,55,49,54,24,36,39,,-5.7355682753,-5.7556323832,2.0321289725,2.0083751833,5.7355682753,1.1139746843,7.5146325164,7.773135601,5.4907415768,-1.1139746843,7.459565797,7.8077948928,-2.0321289725,-7.5146325164,-7.459565797,-0.1143413584,-2.0083751833,-7.773135601,-7.8077948928,0.1143413584

